variable,source,lead_time,region,rmse,mae,bias,beats_naive
rainfall,blended,6,R00,,,,
rainfall,ensemble,6,R00,3.2469063224883494,2.3450069280390844,2.3450044217325896,
rainfall,naive,6,R00,2.8113828796085514,1.9938152913441958,1.9938137851313245,
rainfall,nwp,6,R00,2.502432117464645,1.6426246547429308,1.6426231485300595,
rainfall,blended,6,R01,,,,
rainfall,ensemble,6,R01,1.713532779043103,0.9071400681195063,0.9054065598262895,
rainfall,naive,6,R01,1.7026431870396959,0.8149931269349945,0.813441289007557,
rainfall,nwp,6,R01,1.7649818047347035,0.723803079836428,0.7214760181888241,
rainfall,blended,6,R02,,,,
rainfall,ensemble,6,R02,5.012512856542951,4.254533210852492,4.253590515697152,
rainfall,naive,6,R02,5.528604300457413,4.418615505125196,4.417672809969856,
rainfall,nwp,6,R02,6.190177676226031,4.58453244311086,4.58175510424256,
rainfall,blended,6,R03,,,,
rainfall,ensemble,6,R03,9.666542112341999,6.460025485454989,6.460025485454989,
rainfall,naive,6,R03,11.912758589569235,7.001363782027964,7.001363782027964,
rainfall,nwp,6,R03,14.36964537188714,7.543797271396936,7.54270207860094,
rainfall,blended,6,R10,,,,
rainfall,ensemble,6,R10,1.7265304138287556,1.0130619083551895,1.0130619083551895,
rainfall,naive,6,R10,1.6303506461963835,0.9290233432728686,0.9290233432728686,
rainfall,nwp,6,R10,1.5751652590999519,0.8449847781905475,0.8449847781905475,
rainfall,blended,6,R11,1.9352777183210321,1.210053854119031,1.210053854119031,True
rainfall,ensemble,6,R11,2.2674165200379663,1.4937428554445347,1.4937428554445347,
rainfall,naive,6,R11,1.97005944361312,1.2430790737810327,1.2430790737810327,
rainfall,nwp,6,R11,1.7395008920818045,0.9924152921175303,0.9924152921175303,
rainfall,blended,6,R12,6.479494696881956,3.0591782727690133,3.0588750628235695,True
rainfall,ensemble,6,R12,5.782104657629059,3.078685832800473,3.0784610096542844,
rainfall,naive,6,R12,6.6060606194378675,3.056070918158736,3.055755221998633,
rainfall,nwp,6,R12,7.624164816460389,3.0339960876344634,3.0330494343429817,
rainfall,blended,6,R13,,,,
rainfall,ensemble,6,R13,5.431881002606154,3.0852187354687723,3.0818410285654947,
rainfall,naive,6,R13,5.738353379295946,3.030838032560679,3.02691485713439,
rainfall,nwp,6,R13,6.232376456914599,2.979591906618509,2.9719886857032844,
rainfall,blended,6,R20,,,,
rainfall,ensemble,6,R20,2.578120749904648,0.7514449013059116,0.751344091970706,
rainfall,naive,6,R20,2.1926591609058637,0.6204078011936903,0.6203069918584847,
rainfall,nwp,6,R20,1.8538226151774158,0.48939043332743165,0.4892698917462634,
rainfall,blended,6,R21,1.2813274144882396,0.6924879859268093,0.6899066753011398,True
rainfall,ensemble,6,R21,1.6881631037019083,0.9653557639064917,0.9626130858973544,
rainfall,naive,6,R21,1.3475845281557828,0.7413728683267221,0.7388368612982498,
rainfall,nwp,6,R21,1.0823677762139996,0.5181190179233813,0.5150606366991451,
rainfall,blended,6,R22,2.0373451877238673,1.0656861344593516,1.0649885463211337,True
rainfall,ensemble,6,R22,2.324860921263832,1.2772293671962054,1.2765799599169394,
rainfall,naive,6,R22,2.06225493019309,1.0864702382913356,1.0857849886207478,
rainfall,nwp,6,R22,1.8678590497602054,0.8957923146901544,0.8949900173245557,
rainfall,blended,6,R23,,,,
rainfall,ensemble,6,R23,2.0823926035877953,1.3566441641619191,1.3566021281729637,
rainfall,naive,6,R23,1.8772044660438327,1.1972041221799574,1.1971424252408536,
rainfall,nwp,6,R23,1.7183117230521474,1.0378400491133988,1.0376827223087433,
rainfall,blended,6,R30,,,,
rainfall,ensemble,6,R30,0.4821857017868824,0.23073257553945561,0.15178869773743955,
rainfall,naive,6,R30,0.41949413107973815,0.20185660545775483,0.11484435081737736,
rainfall,nwp,6,R30,0.3823375675443919,0.1742225493721696,0.07790000389731506,
rainfall,blended,6,R31,,,,
rainfall,ensemble,6,R31,0.8613685378508483,0.3396035232523954,0.02797366501127445,
rainfall,naive,6,R31,0.9377544312743694,0.3419563042799178,0.03948840278131039,
rainfall,nwp,6,R31,1.0234357560197407,0.3482237706167606,0.05100314055134635,
rainfall,blended,6,R32,,,,
rainfall,ensemble,6,R32,0.6945956295628728,0.41007926540370526,0.4090218021109441,
rainfall,naive,6,R32,0.7424439802096715,0.43187045501422444,0.43118194149650485,
rainfall,nwp,6,R32,0.8108953895313036,0.45426914907724497,0.45334208088206557,
rainfall,blended,6,R33,,,,
rainfall,ensemble,6,R33,1.528692470034212,1.0988113337222793,1.098787470541667,
rainfall,naive,6,R33,1.7996770272758282,1.210662208102849,1.210662208102849,
rainfall,nwp,6,R33,2.12002472585229,1.3225369456640315,1.3225369456640315,
rainfall,blended,24,R00,,,,
rainfall,ensemble,24,R00,2.115168013130133,1.365343843839965,1.3653423376270937,
rainfall,naive,24,R00,2.257825844948494,1.4256104155506089,1.4256104155506089,
rainfall,nwp,24,R00,2.565555174845932,1.4858784934741243,1.4858784934741243,
rainfall,blended,24,R01,,,,
rainfall,ensemble,24,R01,3.5758325830253246,2.2503960102165026,2.2497219109925775,
rainfall,naive,24,R01,3.6279756709638322,2.1986106054319743,2.198090483823938,
rainfall,nwp,24,R01,3.9280635196022886,2.146896502488058,2.1464590566552992,
rainfall,blended,24,R02,,,,
rainfall,ensemble,24,R02,4.8030316142166285,4.03577992228417,4.03577992228417,
rainfall,naive,24,R02,4.9401859264077554,3.9627454997850524,3.9627454997850524,
rainfall,nwp,24,R02,5.490842864102792,3.8936210104567612,3.889711077285935,
rainfall,blended,24,R03,,,,
rainfall,ensemble,24,R03,7.8303786262668575,6.43406991663806,6.43406991663806,
rainfall,naive,24,R03,8.078898109308014,6.3369936535251865,6.3369936535251865,
rainfall,nwp,24,R03,8.668796021152836,6.247927184316224,6.239917390412311,
rainfall,blended,24,R10,,,,
rainfall,ensemble,24,R10,1.0785135375460193,0.6222010577064013,0.6222010577064013,
rainfall,naive,24,R10,1.0711757302104226,0.6204361865762282,0.6204361865762282,
rainfall,nwp,24,R10,1.221478164576131,0.6186713154460552,0.6186713154460552,
rainfall,blended,24,R11,3.6431212566169857,1.9663749768671117,1.9663749768671117,True
rainfall,ensemble,24,R11,3.2649742588400694,1.781206348047015,1.781206348047015,
rainfall,naive,24,R11,3.7522219285451293,2.0034388820940507,2.0034388820940507,
rainfall,nwp,24,R11,4.57202823735838,2.2256714161410858,2.2256714161410858,
rainfall,blended,24,R12,5.507968065576466,2.5534005254788323,2.5528214824902276,True
rainfall,ensemble,24,R12,4.260261072282894,2.426734692874839,2.4260979224191037,
rainfall,naive,24,R12,6.543452079285797,2.633013911350269,2.6324674195183877,
rainfall,nwp,24,R12,9.61542131077573,2.839308767913129,2.838836916617672,
rainfall,blended,24,R13,,,,
rainfall,ensemble,24,R13,5.58179165300982,3.581484091717569,3.57833522521315,
rainfall,naive,24,R13,5.735833183724274,3.443296955586632,3.440504151388134,
rainfall,nwp,24,R13,6.14329870771103,3.3079414376576444,3.3026730775631177,
rainfall,blended,24,R20,,,,
rainfall,ensemble,24,R20,1.1255579386840318,0.3458274365088437,0.3457266271736379,
rainfall,naive,24,R20,1.0809421597509954,0.3640371942913795,0.3639363849561737,
rainfall,nwp,24,R20,1.1063690689546601,0.3822469520739153,0.3821461427387095,
rainfall,blended,24,R21,0.7346224252141321,0.37419443667019703,0.3693732741288121,True
rainfall,ensemble,24,R21,0.6934933543795362,0.3930329681227172,0.3878749899204685,
rainfall,naive,24,R21,0.7464741026382893,0.37156778499498194,0.3667935845759934,
rainfall,nwp,24,R21,0.8868805603432957,0.3510850623376586,0.3457121792315184,
rainfall,blended,24,R22,1.2292777434454398,0.6551221825416541,0.6530519297034683,True
rainfall,ensemble,24,R22,1.246885462411961,0.7054124543420153,0.7034482152638504,
rainfall,naive,24,R22,1.2325871005399065,0.6524758136609645,0.6503905921162829,
rainfall,nwp,24,R22,1.378577038929287,0.5997366513214367,0.5973329689687151,
rainfall,blended,24,R23,,,,
rainfall,ensemble,24,R23,3.5217959317779575,2.0871519888123133,2.0869608586186463,
rainfall,naive,24,R23,3.4962153729023195,2.0519032714318506,2.0518188661072596,
rainfall,nwp,24,R23,3.8789035031409997,2.016975793143894,2.0166768735958733,
rainfall,blended,24,R30,,,,
rainfall,ensemble,24,R30,2.122351505775866,0.5394948047190695,0.3885513065617061,
rainfall,naive,24,R30,1.9237451842482527,0.47922777614706785,0.3259544647852039,
rainfall,nwp,24,R30,1.7741013001531447,0.42743716244540947,0.26335762300870164,
rainfall,blended,24,R31,,,,
rainfall,ensemble,24,R31,0.7932210278424889,0.3873582594724304,0.07212446049096902,
rainfall,naive,24,R31,0.7939679176136355,0.3886233032151159,0.07341333395598511,
rainfall,nwp,24,R31,0.8853695261074817,0.40040322747971646,0.0747022074210012,
rainfall,blended,24,R32,,,,
rainfall,ensemble,24,R32,0.844770367834763,0.5154782548496303,0.5149482571156083,
rainfall,naive,24,R32,0.7209214658482161,0.4189156104650676,0.41841668886164785,
rainfall,nwp,24,R32,0.7083896632375057,0.32282623926318543,0.3218851206076875,
rainfall,blended,24,R33,,,,
rainfall,ensemble,24,R33,2.521334627872846,1.6589714576006442,1.6585786507177485,
rainfall,naive,24,R33,2.697588006639975,1.6322875796680572,1.631960864206102,
rainfall,nwp,24,R33,3.1206723097755242,1.6059173665664384,1.6053430776944555,
rainfall,blended,72,R00,,,,
rainfall,ensemble,72,R00,2.173115890343051,1.462654500516152,1.462654500516152,
rainfall,naive,72,R00,1.9887607437181702,1.2725638813950266,1.2725638813950266,
rainfall,nwp,72,R00,1.995257429021424,1.0824742623675245,1.0824732622739013,
rainfall,blended,72,R01,,,,
rainfall,ensemble,72,R01,3.5712368866699604,2.3623144354799503,2.3616319536827977,
rainfall,naive,72,R01,3.2625599458833956,2.1058321258704895,2.1050468988150888,
rainfall,nwp,72,R01,3.2852020481621564,1.8499646239356555,1.8484618439473803,
rainfall,blended,72,R02,,,,
rainfall,ensemble,72,R02,5.151068645611434,4.083962752289835,4.082488917961187,
rainfall,naive,72,R02,5.7690199000285896,4.129771161433645,4.127538766081601,
rainfall,nwp,72,R02,7.07018371184964,4.188059179932958,4.172588614202015,
rainfall,blended,72,R03,,,,
rainfall,ensemble,72,R03,10.220738473399868,9.0055831844598,9.0055831844598,
rainfall,naive,72,R03,10.81233226741492,8.546672460187935,8.546672460187935,
rainfall,nwp,72,R03,12.33857754837975,8.102005228367105,8.087761735916072,
rainfall,blended,72,R10,,,,
rainfall,ensemble,72,R10,0.9076951311353885,0.523412701101214,0.523412701101214,
rainfall,naive,72,R10,0.9410868469599075,0.45994708327705275,0.45994708327705275,
rainfall,nwp,72,R10,1.1417463827132375,0.3964814654528916,0.3964814654528916,
rainfall,blended,72,R11,5.21486571870169,2.916083498100803,2.916083498100803,True
rainfall,ensemble,72,R11,3.837992108062021,2.5885000009961905,2.5885000009961905,
rainfall,naive,72,R11,7.072166414616696,3.235914528068256,3.235914528068256,
rainfall,nwp,72,R11,11.332319385094744,3.8833290551403215,3.8833290551403215,
rainfall,blended,72,R12,4.947589281763519,3.3036654895508377,3.3036595943454237,True
rainfall,ensemble,72,R12,4.968313655979201,3.4500619168194375,3.449661406933148,
rainfall,naive,72,R12,4.972785707221033,3.2929051187690193,3.2928992235636048,
rainfall,nwp,72,R12,5.7006456202359574,3.13626404016179,3.1361370401940625,
rainfall,blended,72,R13,,,,
rainfall,ensemble,72,R13,7.1997117709801195,5.210605065662164,5.210605065662164,
rainfall,naive,72,R13,8.235500890156796,5.364723639103623,5.364723639103623,
rainfall,nwp,72,R13,10.131339858939791,5.52190056852403,5.518842212545083,
rainfall,blended,72,R20,,,,
rainfall,ensemble,72,R20,0.21331746480435085,0.05118997748324822,0.0510387947334616,
rainfall,naive,72,R20,0.3303856337378671,0.06129693036943983,0.061145747619653225,
rainfall,nwp,72,R20,0.5137075756097186,0.07140388325563145,0.07125270050584484,
rainfall,blended,72,R21,1.0370689669698894,0.39199195506176693,0.3884268467881395,True
rainfall,ensemble,72,R21,1.0465277456870585,0.4220435343477747,0.41817657469394337,
rainfall,naive,72,R21,1.075000088131961,0.38574774157764313,0.382244292200512,
rainfall,nwp,72,R21,1.4815041552638797,0.35183195761831004,0.34631200970708065,
rainfall,blended,72,R22,4.018014166584748,2.005058127419398,2.0028176193294747,True
rainfall,ensemble,72,R22,3.705868881457138,2.0441842360016023,2.041928367832026,
rainfall,naive,72,R22,4.0754344445110045,1.9998766436577544,1.9976380266633582,
rainfall,nwp,72,R22,4.687434922246779,1.9565595479377227,1.95334768549469,
rainfall,blended,72,R23,,,,
rainfall,ensemble,72,R23,3.0531615588731014,2.0843071730241514,2.0841830827409638,
rainfall,naive,72,R23,2.8243216072951047,1.7613909704063448,1.7613000556895089,
rainfall,nwp,72,R23,2.9293139136536155,1.4385388340841399,1.4384170286380542,
rainfall,blended,72,R30,,,,
rainfall,ensemble,72,R30,0.20002936851427894,0.11860438417954554,-0.06481729910792684,
rainfall,naive,72,R30,0.19914627894419004,0.11673621479579314,-0.05571336730352834,
rainfall,nwp,72,R30,0.21398664287557703,0.12096614358169593,-0.04660943549912983,
rainfall,blended,72,R31,,,,
rainfall,ensemble,72,R31,0.3117716522492571,0.21801187276366407,-0.09293903232483466,
rainfall,naive,72,R31,0.363227252792712,0.2383734519561982,-0.059942253226543535,
rainfall,nwp,72,R31,0.47959016300820406,0.27687132642630036,-0.026945474128252406,
rainfall,blended,72,R32,,,,
rainfall,ensemble,72,R32,0.5004658482623084,0.2968556307597912,0.29613873266628005,
rainfall,naive,72,R32,0.5759833671772203,0.2955776060702278,0.2949652064916974,
rainfall,nwp,72,R32,0.7518747119026404,0.2953205744317325,0.2937916803171147,
rainfall,blended,72,R33,,,,
rainfall,ensemble,72,R33,2.1804489546897665,1.531492019740672,1.531404046024961,
rainfall,naive,72,R33,2.386731330740943,1.4720830207518951,1.4720008984647197,
rainfall,nwp,72,R33,2.8786566799988083,1.413114262761876,1.4125977509044791,
rainfall,blended,168,R00,,,,
rainfall,ensemble,168,R00,2.085646207581023,1.837991361803838,1.837991361803838,
rainfall,naive,168,R00,1.8251199463126138,1.5678005838080664,1.5678005838080664,
rainfall,nwp,168,R00,1.8063284665074801,1.297611312025166,1.2976098058122947,
rainfall,blended,168,R01,,,,
rainfall,ensemble,168,R01,1.9734161615309231,1.1875376960382509,1.1870340821994791,
rainfall,naive,168,R01,1.6935509737705579,0.9947739485392079,0.9942762622684947,
rainfall,nwp,168,R01,1.6716228667425923,0.8035818687334969,0.80151844233751,
rainfall,blended,168,R02,,,,
rainfall,ensemble,168,R02,3.1939071921105486,2.569581810582688,2.5651979233912914,
rainfall,naive,168,R02,2.7850122587020714,2.1042856866412984,2.091566499579351,
rainfall,nwp,168,R02,2.667316023478709,1.6932802613443187,1.6179350757674105,
rainfall,blended,168,R03,,,,
rainfall,ensemble,168,R03,5.64048605072194,5.164884741902929,5.164884741902929,
rainfall,naive,168,R03,5.972856214576276,4.899380786511755,4.899380786511755,
rainfall,nwp,168,R03,7.520863592649433,4.636850911215769,4.633876831120582,
rainfall,blended,168,R10,,,,
rainfall,ensemble,168,R10,0.7737024183963339,0.47795238341170315,0.47795238341170315,
rainfall,naive,168,R10,2.524112785553253,0.6891814249766872,0.6891814249766872,
rainfall,nwp,168,R10,4.71119182116522,0.9004104665416712,0.9004104665416712,
rainfall,blended,168,R11,2.582125509240975,1.6129007024687065,1.6129007024687065,True
rainfall,ensemble,168,R11,2.27393699652238,1.468805560099463,1.468805560099463,
rainfall,naive,168,R11,2.942972984405852,1.6824265906364533,1.6824265906364533,
rainfall,nwp,168,R11,4.468285629255493,1.8960476211734434,1.8960476211734434,
rainfall,blended,168,R12,5.601514667880457,3.7971865134637572,3.7971865134637572,True
rainfall,ensemble,168,R12,4.955515868983602,3.777764587646215,3.777764587646215,
rainfall,naive,168,R12,6.272187356023385,3.805719117894514,3.805719117894514,
rainfall,nwp,168,R12,9.309714011598613,3.8340682628236893,3.8336736481428133,
rainfall,blended,168,R13,,,,
rainfall,ensemble,168,R13,5.147336082936047,4.253541569199282,4.253541569199282,
rainfall,naive,168,R13,9.090543512734412,4.990962021471832,4.990962021471832,
rainfall,nwp,168,R13,15.138231217569626,5.728401926708455,5.72838247374438,
rainfall,blended,168,R20,,,,
rainfall,ensemble,168,R20,0.04162017618978888,0.006379195387168833,0.006202815512417787,
rainfall,naive,168,R20,0.025821708309056994,0.00501300695109327,0.004836627076342228,
rainfall,nwp,168,R20,0.030561736368241367,0.0036468185150177086,0.0034704386402666667,
rainfall,blended,168,R21,2.5054705911944115,1.0020374597030244,1.0019015828309146,True
rainfall,ensemble,168,R21,2.1242404904160574,1.002353943913794,1.0021884782629265,
rainfall,naive,168,R21,2.8364140302622434,1.0019001689665052,1.0017642920943952,
rainfall,nwp,168,R21,4.15730556523217,1.003561799276758,1.0013401059258638,
rainfall,blended,168,R22,6.295694021696512,4.2687246667937355,4.268522208138603,True
rainfall,ensemble,168,R22,4.614732276874426,3.527393716667244,3.5272061465349163,
rainfall,naive,168,R22,8.73925562469497,5.037153737951526,5.036935846548375,
rainfall,nwp,168,R22,14.181564571021662,6.548276145453767,6.546665546561834,
rainfall,blended,168,R23,,,,
rainfall,ensemble,168,R23,2.721571733894494,2.1430396179953046,2.143019059571587,
rainfall,naive,168,R23,3.2417587719534793,1.9454320495278163,1.9454114911040987,
rainfall,nwp,168,R23,4.569816479908181,1.7480452440668057,1.7478039226366104,
rainfall,blended,168,R30,,,,
rainfall,ensemble,168,R30,0.6833955395562189,0.3439833963591889,0.23825854047117936,
rainfall,naive,168,R30,0.3905493951234783,0.22872453658083244,0.11634252586654997,
rainfall,nwp,168,R30,0.27196307777276735,0.15859868520911646,-0.005573488738079447,
rainfall,blended,168,R31,,,,
rainfall,ensemble,168,R31,0.30432272247736314,0.1964880197187197,-0.06429352950517012,
rainfall,naive,168,R31,0.3782510139969509,0.21295569184836421,-0.06849701181978972,
rainfall,nwp,168,R31,0.5011103362487921,0.26320778784699667,-0.07270049413440932,
rainfall,blended,168,R32,,,,
rainfall,ensemble,168,R32,0.4074935397548385,0.27487816944189797,0.27453026924733925,
rainfall,naive,168,R32,0.7349405077697637,0.38884196801285026,0.3885040851669947,
rainfall,nwp,168,R32,1.1645562742229794,0.5046879048514081,0.5024779010866501,
rainfall,blended,168,R33,,,,
rainfall,ensemble,168,R33,1.603053620804023,1.240194172334888,1.240194172334888,
rainfall,naive,168,R33,1.4657061008616414,1.059186148890867,1.059186148890867,
rainfall,nwp,168,R33,1.6410571263285958,0.8786938830720071,0.8781781254468459,
temperature,ai,6,R00,1.0356922858553494,0.8670744250471532,0.8670744250471532,
temperature,blended,6,R00,,,,
temperature,ensemble,6,R00,1.5859786128735576,1.5125358027466183,1.5125358027466183,
temperature,naive,6,R00,1.3668658285766861,1.2757182571258623,1.2757182571258623,
temperature,nwp,6,R00,1.528967276307492,1.4475445435838152,1.4475445435838152,
temperature,ai,6,R01,6.442472551960707,5.642231122554579,5.642231122554579,
temperature,blended,6,R01,,,,
temperature,ensemble,6,R01,10.109423923057683,9.004243735841008,9.004243735841008,
temperature,naive,6,R01,8.892855999966475,7.917657365389684,7.917657365389684,
temperature,nwp,6,R01,10.242467371083922,9.10649723777346,9.10649723777346,
temperature,ai,6,R02,1.5706055758530553,1.5313721418969433,1.5313721418969433,
temperature,blended,6,R02,,,,
temperature,ensemble,6,R02,3.3127289626262755,3.0972396373356306,3.0918269987739846,
temperature,naive,6,R02,2.622169124072723,2.470039052512864,2.46753893470054,
temperature,nwp,6,R02,3.0655598137819404,2.8013187298558866,2.779417663430691,
temperature,ai,6,R03,1.1677734684441614,1.1165596466692402,1.1165596466692402,
temperature,blended,6,R03,,,,
temperature,ensemble,6,R03,1.700480888915189,1.5223227119483165,1.497531775359239,
temperature,naive,6,R03,1.4187010011148442,1.2925625629289244,1.2851718795290963,
temperature,nwp,6,R03,1.5309079876829228,1.3400043945790943,1.2414242165588087,
temperature,ai,6,R10,6.316884315690025,4.6689281686539585,4.6689281686539585,
temperature,blended,6,R10,,,,
temperature,ensemble,6,R10,8.446080563193483,6.888133529851471,6.888133529851471,
temperature,naive,6,R10,7.6774544093300126,6.158810415595001,6.158810415595001,
temperature,nwp,6,R10,8.45966385922933,6.919369548279569,6.919369548279569,
temperature,ai,6,R11,10.396648976063533,10.21748607870973,10.21748607870973,
temperature,blended,6,R11,13.514510902468441,13.313484941017824,13.313484941017824,True
temperature,ensemble,6,R11,16.00073195564928,15.755152377846802,15.755152377846802,
temperature,naive,6,R11,14.075288288833809,13.864206685689114,13.864206685689114,
temperature,nwp,6,R11,15.885957091867287,15.61998160051081,15.61998160051081,
temperature,ai,6,R12,4.236943161143026,2.9560141641122266,2.897929888124814,
temperature,blended,6,R12,6.713023167486827,5.633281341548831,5.633281341548831,True
temperature,ensemble,6,R12,10.176960524158558,9.037736466961135,9.037736466961135,
temperature,naive,6,R12,7.926621354737989,6.862228079318716,6.862228079318716,
temperature,nwp,6,R12,9.701156384702518,8.651017882870194,8.651017882870194,
temperature,ai,6,R13,6.243109271715442,4.476663348664971,4.3745758785043805,
temperature,blended,6,R13,,,,
temperature,ensemble,6,R13,9.913956105045914,8.070891136425107,8.070891136425107,
temperature,naive,6,R13,8.560789167024621,6.808504601414486,6.808504601414486,
temperature,nwp,6,R13,9.8622340417703,7.980046789313971,7.980046789313971,
temperature,ai,6,R20,8.729896900928908,8.66409370077,8.66409370077,
temperature,blended,6,R20,,,,
temperature,ensemble,6,R20,23.20833648931536,22.53680280018246,22.53680280018246,
temperature,naive,6,R20,18.32200290509297,17.89034686065202,17.89034686065202,
temperature,nwp,6,R20,23.156241084428395,22.4701440810036,22.4701440810036,
temperature,ai,6,R21,8.283668165877195,8.15080106193636,8.15080106193636,
temperature,blended,6,R21,14.148904022573472,14.084360233140194,14.084360233140194,True
temperature,ensemble,6,R21,22.300866665447995,22.112529021840057,22.112529021840057,
temperature,naive,6,R21,17.515239063842813,17.41470312473987,17.41470312473987,
temperature,nwp,6,R21,22.162119700223368,21.98077929044319,21.98077929044319,
temperature,ai,6,R22,7.631251160752918,7.478124360449519,7.478124360449519,
temperature,blended,6,R22,13.458711199897468,13.29352631033925,13.29352631033925,True
temperature,ensemble,6,R22,21.917940529739578,21.58038393858252,21.58038393858252,
temperature,naive,6,R22,17.199575941329723,16.96058078350987,16.96058078350987,
temperature,nwp,6,R22,22.214786805952205,21.82323405149757,21.82323405149757,
temperature,ai,6,R23,7.981679173650063,7.907608683393813,7.907608683393813,
temperature,blended,6,R23,,,,
temperature,ensemble,6,R23,21.582424051453287,21.1010251625057,21.1010251625057,
temperature,naive,6,R23,17.083286348233937,16.74658883485193,16.74658883485193,
temperature,nwp,6,R23,21.89226940057368,21.231132658656293,21.231132658656293,
temperature,ai,6,R30,6.494747286783168,5.984106956869142,5.824063207471958,
temperature,blended,6,R30,,,,
temperature,ensemble,6,R30,24.290590210223684,23.975658542902938,23.975658542902938,
temperature,naive,6,R30,18.133660860043324,17.7895117044371,17.7895117044371,
temperature,nwp,6,R30,23.953266658398125,23.568813362936414,23.568813362936414,
temperature,ai,6,R31,4.046943963003082,3.2830841924722267,2.379773566477578,
temperature,blended,6,R31,,,,
temperature,ensemble,6,R31,22.530463452621124,22.288102086071163,22.288102086071163,
temperature,naive,6,R31,15.959583136742907,15.701786588040537,15.701786588040537,
temperature,nwp,6,R31,22.687539465420304,22.43748411157286,22.43748411157286,
temperature,ai,6,R32,5.756050501384453,5.704148904933855,5.704148904933855,
temperature,blended,6,R32,,,,
temperature,ensemble,6,R32,25.007205829925127,24.91928921474702,24.91928921474702,
temperature,naive,6,R32,18.64481779779384,18.58657833074697,18.58657833074697,
temperature,nwp,6,R32,25.229254251482395,25.13629687256004,25.13629687256004,
temperature,ai,6,R33,9.034498920178176,8.864721557449737,8.864721557449737,
temperature,blended,6,R33,,,,
temperature,ensemble,6,R33,27.144245573227224,26.816361872190686,26.816361872190686,
temperature,naive,6,R33,21.11522406914269,20.86483540490058,20.86483540490058,
temperature,nwp,6,R33,27.25908791720451,26.91342278506133,26.91342278506133,
temperature,ai,24,R00,0.27916179902399035,0.1808839682329181,0.1732956556364675,
temperature,blended,24,R00,,,,
temperature,ensemble,24,R00,1.2772017947815704,1.1774260341936593,1.1774260341936593,
temperature,naive,24,R00,0.9406362916607335,0.8525071527031418,0.8525071527031418,
temperature,nwp,24,R00,1.3187178835258313,1.2067997682793008,1.2067997682793008,
temperature,ai,24,R01,1.718609172328131,1.5348457053855626,1.5348457053855626,
temperature,blended,24,R01,,,,
temperature,ensemble,24,R01,4.77796226768273,4.406132279832822,4.406132279832822,
temperature,naive,24,R01,3.6728411298299126,3.418522264172986,3.418522264172986,
temperature,nwp,24,R01,4.669240142880207,4.314588807300576,4.314588807300576,
temperature,ai,24,R02,1.0746372827295116,1.0066708813577034,1.0066708813577034,
temperature,blended,24,R02,,,,
temperature,ensemble,24,R02,3.37194069823941,3.2047216475731735,3.2047216475731735,
temperature,naive,24,R02,2.498149777463262,2.3648195267097396,2.3648195267097396,
temperature,nwp,24,R02,3.1062895195067055,2.8838639055596333,2.8830660511983424,
temperature,ai,24,R03,0.5802371662749015,0.513777053058556,0.513777053058556,
temperature,blended,24,R03,,,,
temperature,ensemble,24,R03,1.5392875113948565,1.4093740055922301,1.4065098078699947,
temperature,naive,24,R03,1.1084253376524094,0.9944715872078186,0.9782848878691434,
temperature,nwp,24,R03,1.3358151433147143,1.1748967131581591,1.014567802678878,
temperature,ai,24,R10,2.2390244554564087,1.5679063308778636,1.5679063308778636,
temperature,blended,24,R10,,,,
temperature,ensemble,24,R10,4.695336797701312,3.9226475721355945,3.9226475721355945,
temperature,naive,24,R10,3.822391605977574,3.143655645903855,3.143655645903855,
temperature,nwp,24,R10,4.69612239113419,3.940413034698109,3.940413034698109,
temperature,ai,24,R11,2.4671122731974586,2.2882604650803535,2.2882604650803535,
temperature,blended,24,R11,4.764209673418437,4.673756760468665,4.673756760468665,True
temperature,ensemble,24,R11,9.379987827077464,9.240137608307803,9.240137608307803,
temperature,naive,24,R11,6.99018879958419,6.885937308211107,6.885937308211107,
temperature,nwp,24,R11,9.280747322226041,9.129413851245163,9.129413851245163,
temperature,ai,24,R12,0.7190221168169895,0.618304008201315,-0.03128836926119172,
temperature,blended,24,R12,1.2487689489201743,1.119334387361818,1.11874689669218,True
temperature,ensemble,24,R12,7.488269346104696,7.141606807944217,7.141606807944217,
temperature,naive,24,R12,4.9280029387573645,4.707002970915833,4.707002970915833,
temperature,nwp,24,R12,7.40996792556423,7.010690474064475,7.010690474064475,
temperature,ai,24,R13,0.8078609303996184,0.7053834740909506,0.004758283199108257,
temperature,blended,24,R13,,,,
temperature,ensemble,24,R13,6.415294469415558,5.607172858559488,5.607172858559488,
temperature,naive,24,R13,4.245988861366739,3.677958227505582,3.677958227505582,
temperature,nwp,24,R13,6.297291641882825,5.421943540758149,5.421943540758149,
temperature,ai,24,R20,3.1651878890531635,2.8639186428996286,2.8639186428996286,
temperature,blended,24,R20,,,,
temperature,ensemble,24,R20,17.990218643548914,17.260161413050355,17.260161413050355,
temperature,naive,24,R20,13.01665421978664,12.459165321752282,12.459165321752282,
temperature,nwp,24,R20,17.982358824933023,17.253415909306863,17.253415909306863,
temperature,ai,24,R21,1.4882074977514275,1.0530199573658146,0.5054927025312215,
temperature,blended,24,R21,3.1769199958813523,2.906131960624316,2.8930462710192666,True
temperature,ensemble,24,R21,15.781455848522366,15.544790037716952,15.544790037716952,
temperature,naive,24,R21,10.702663941708185,10.533899544071705,10.533899544071705,
temperature,nwp,24,R21,15.771099289275803,15.551415891966942,15.551415891966942,
temperature,ai,24,R22,2.187180774990572,1.6408245209117027,-1.0049138047960107,
temperature,blended,24,R22,3.1438765122244376,2.7282889190504025,2.5283185966920847,True
temperature,ensemble,24,R22,15.099066929242463,14.714724362893117,14.714724362893117,
temperature,naive,24,R22,9.990134137588239,9.63856725433729,9.63856725433729,
temperature,nwp,24,R22,15.683638613468093,15.205891204914758,15.205891204914758,
temperature,ai,24,R23,2.5642412238792796,2.102608978522662,-2.081842462359146,
temperature,blended,24,R23,,,,
temperature,ensemble,24,R23,13.637264798505731,12.87189329072215,12.87189329072215,
temperature,naive,24,R23,8.52113930033994,7.973817184152243,7.973817184152243,
temperature,nwp,24,R23,14.142420868076343,13.131400724093726,13.131400724093726,
temperature,ai,24,R30,3.2716123959262378,2.88676778073826,2.7736881125283834,
temperature,blended,24,R30,,,,
temperature,ensemble,24,R30,17.775656726159237,17.28939033139019,17.28939033139019,
temperature,naive,24,R30,12.813602289170857,12.395879360196249,12.395879360196249,
temperature,nwp,24,R30,17.71037213234753,17.124559636670178,17.124559636670178,
temperature,ai,24,R31,1.7728339745857036,1.4931320008328879,-0.20794463922948425,
temperature,blended,24,R31,,,,
temperature,ensemble,24,R31,15.499970319405369,15.16193888678266,15.16193888678266,
temperature,naive,24,R31,10.419659421450456,10.166335068840452,10.166335068840452,
temperature,nwp,24,R31,15.892075355718626,15.545010958968183,15.545010958968183,
temperature,ai,24,R32,3.089749297829148,2.9892066666716866,-2.9892066666716866,
temperature,blended,24,R32,,,,
temperature,ensemble,24,R32,18.703540048657192,18.62871355311301,18.62871355311301,
temperature,naive,24,R32,11.565475656294216,11.507889770920464,11.507889770920464,
temperature,nwp,24,R32,18.98064189465941,18.884162426320067,18.884162426320067,
temperature,ai,24,R33,3.0584560190525005,2.7519374710313174,-2.634123080532247,
temperature,blended,24,R33,,,,
temperature,ensemble,24,R33,20.662708279832817,20.26245158762691,20.26245158762691,
temperature,naive,24,R33,12.976575277543926,12.594747875207888,12.594747875207888,
temperature,nwp,24,R33,20.573153121456656,20.155915118529002,20.155915118529002,
temperature,ai,72,R00,0.4850139375419244,0.4197576929414224,-0.4197576929414224,
temperature,blended,72,R00,,,,
temperature,ensemble,72,R00,1.1739570625200237,1.0729590853228173,1.0729590853228173,
temperature,naive,72,R00,0.7320710833055026,0.6320453602883465,0.6311818603021252,
temperature,nwp,72,R00,1.3388931418360626,1.2403441885249802,1.2403441885249802,
temperature,ai,72,R01,1.2527496497565447,1.1124842426315755,1.1124842426315755,
temperature,blended,72,R01,,,,
temperature,ensemble,72,R01,4.502325265571182,4.1570830670894505,4.1570830670894505,
temperature,naive,72,R01,3.3849467706059055,3.150613218408793,3.150613218408793,
temperature,nwp,72,R01,4.50489022892871,4.1822723455053525,4.1822723455053525,
temperature,ai,72,R02,0.7689756149596231,0.6451195409955321,0.418874237939655,
temperature,blended,72,R02,,,,
temperature,ensemble,72,R02,3.3776252461201475,3.2283008783106064,3.2283008783106064,
temperature,naive,72,R02,2.3317715838482624,2.167509785061042,2.147787726221189,
temperature,nwp,72,R02,3.0343789949656435,2.8295393951972168,2.7961880624133064,
temperature,ai,72,R03,0.41389597868183814,0.3439117758166152,0.14164892377186356,
temperature,blended,72,R03,,,,
temperature,ensemble,72,R03,1.415677374696389,1.2570435780729525,1.2570435780729525,
temperature,naive,72,R03,0.9366225506309074,0.7986788922289404,0.7698319729139658,
temperature,nwp,72,R03,1.2521810661359618,1.0581952180587695,0.9108034168970813,
temperature,ai,72,R10,2.24219380981883,1.6413837561587779,1.0446756634496401,
temperature,blended,72,R10,,,,
temperature,ensemble,72,R10,4.540417048201425,3.7464846990138008,3.7464846990138008,
temperature,naive,72,R10,3.669439877380711,2.864912495165515,2.864912495165515,
temperature,nwp,72,R10,4.55234180457492,3.803577123033103,3.803577123033103,
temperature,ai,72,R11,2.7667334726498467,2.555349696594991,2.555349696594991,
temperature,blended,72,R11,5.088825892400055,4.954034016776804,4.954034016776804,True
temperature,ensemble,72,R11,9.204257280553543,9.036808264057893,9.036808264057893,
temperature,naive,72,R11,6.922064805532395,6.776858117374374,6.776858117374374,
temperature,nwp,72,R11,8.938102593819789,8.738416391470237,8.738416391470237,
temperature,ai,72,R12,0.6724671406449775,0.5075192948329565,0.40477420853979496,
temperature,blended,72,R12,1.5274222572711849,1.4214969714172554,1.4214969714172554,True
temperature,ensemble,72,R12,7.524719552659505,7.166987947063676,7.166987947063676,
temperature,naive,72,R12,5.06795039257662,4.820118823491565,4.820118823491565,
temperature,nwp,72,R12,7.305238224906906,6.888594314871221,6.888594314871221,
temperature,ai,72,R13,0.5218732159057085,0.44473653911072664,-0.21827409406748283,
temperature,blended,72,R13,,,,
temperature,ensemble,72,R13,6.444384058976722,5.620011581071066,5.620011581071066,
temperature,naive,72,R13,4.1539937308967785,3.580412608121822,3.580412608121822,
temperature,nwp,72,R13,6.207157801497515,5.339500337361882,5.339500337361882,
temperature,ai,72,R20,4.215026198096254,3.95936221526974,3.95936221526974,
temperature,blended,72,R20,,,,
temperature,ensemble,72,R20,18.290749358495663,17.4640774706572,17.4640774706572,
temperature,naive,72,R20,13.586905304704908,12.997571284828439,12.997571284828439,
temperature,nwp,72,R20,18.418072068495956,17.569274168558376,17.569274168558376,
temperature,ai,72,R21,4.404221000538379,4.268610852088456,4.268610852088456,
temperature,blended,72,R21,8.421942924526398,8.309857946372423,8.309857946372423,True
temperature,ensemble,72,R21,15.838983716714424,15.60005319854362,15.60005319854362,
temperature,naive,72,R21,11.946263174365177,11.788612281714112,11.788612281714112,
temperature,nwp,72,R21,15.716303396413755,15.497172794510266,15.497172794510266,
temperature,ai,72,R22,3.087655468967797,2.6088446732509305,2.6088446732509305,
temperature,blended,72,R22,6.415722769452469,6.126817979648337,6.126817979648337,True
temperature,ensemble,72,R22,15.044861428974452,14.66947923165784,14.66947923165784,
temperature,naive,72,R22,11.086861681668523,10.75021685771283,10.75021685771283,
temperature,nwp,72,R22,15.476226309416463,14.972326668229723,14.972326668229723,
temperature,ai,72,R23,1.139284025580106,0.9509826264558023,-0.7201240840958957,
temperature,blended,72,R23,,,,
temperature,ensemble,72,R23,13.842144201646196,13.058333805988045,13.058333805988045,
temperature,naive,72,R23,9.23109718857812,8.520113628880111,8.520113628880111,
temperature,nwp,72,R23,14.249015142706623,13.222131164748182,13.222131164748182,
temperature,ai,72,R30,2.7210242831882065,2.1968414415482354,2.1282777519906224,
temperature,blended,72,R30,,,,
temperature,ensemble,72,R30,18.493779158586424,17.975714876091605,17.975714876091605,
temperature,naive,72,R30,13.163237194444076,12.724949187365292,12.724949187365292,
temperature,nwp,72,R30,18.70280276580683,18.07085493401365,18.07085493401365,
temperature,ai,72,R31,3.132005362531987,2.9531934102376276,2.9531934102376276,
temperature,blended,72,R31,,,,
temperature,ensemble,72,R31,15.275262270083843,14.962260860149373,14.962260860149373,
temperature,naive,72,R31,11.361664013089262,11.143051278579497,11.143051278579497,
temperature,nwp,72,R31,15.809356432365238,15.513699565351496,15.513699565351496,
temperature,ai,72,R32,3.966673847295408,3.919987727663649,3.919987727663649,
temperature,blended,72,R32,,,,
temperature,ensemble,72,R32,18.165275478077685,18.09285921270606,18.09285921270606,
temperature,naive,72,R32,13.51662062873209,13.465079170958157,13.465079170958157,
temperature,nwp,72,R32,18.463537491708838,18.382390572504757,18.382390572504757,
temperature,ai,72,R33,2.433780670677425,2.228787646718799,1.9892540859227603,
temperature,blended,72,R33,,,,
temperature,ensemble,72,R33,20.580737224260858,20.17276240619986,20.17276240619986,
temperature,naive,72,R33,14.27434161143435,13.966436481439692,13.966436481439692,
temperature,nwp,72,R33,20.206743652007674,19.73729295219646,19.73729295219646,
temperature,ai,168,R00,1.21869430662651,1.0348144095882634,-1.0348144095882634,
temperature,blended,168,R00,,,,
temperature,ensemble,168,R00,1.1566545649959774,1.0674032132886728,1.0674032132886728,
temperature,naive,168,R00,0.5647460260701663,0.45774230562330004,0.38196954672228567,
temperature,nwp,168,R00,1.211367403054776,1.1133198364664478,1.1133198364664478,
temperature,ai,168,R01,2.8540600864125953,2.406864012416013,2.406864012416013,
temperature,blended,168,R01,,,,
temperature,ensemble,168,R01,4.219151481084719,3.861874236432619,3.861874236432619,
temperature,naive,168,R01,3.6171242964672414,3.3470126162167806,3.3470126162167806,
temperature,nwp,168,R01,4.124692980481586,3.7937091046512217,3.7722995998017104,
temperature,ai,168,R02,0.9491474511758173,0.780567010322225,0.5248945360222965,
temperature,blended,168,R02,,,,
temperature,ensemble,168,R02,3.4344035918050118,3.3126346408276612,3.3126346408276612,
temperature,naive,168,R02,2.485236082456484,2.324458614276852,2.324458614276852,
temperature,nwp,168,R02,3.2959930445104697,3.135846665980601,3.135846665980601,
temperature,ai,168,R03,0.3729164930713652,0.2675482705198699,0.06678801192504914,
temperature,blended,168,R03,,,,
temperature,ensemble,168,R03,1.5856093036565386,1.4829449909022574,1.4829449909022574,
temperature,naive,168,R03,1.0877437200447397,0.972844290987812,0.9645859783097106,
temperature,nwp,168,R03,1.5977238400618374,1.4528327474532452,1.344024932101828,
temperature,ai,168,R10,2.547185711260446,2.2469059144322308,-1.947056354789578,
temperature,blended,168,R10,,,,
temperature,ensemble,168,R10,4.249005019647206,3.4930844110828696,3.4930844110828696,
temperature,naive,168,R10,2.4016522218439724,1.7135072167284628,1.6641691492773314,
temperature,nwp,168,R10,4.222033698184289,3.446479391538703,3.446479391538703,
temperature,ai,168,R11,4.116894920532916,3.985893455787944,3.985893455787944,
temperature,blended,168,R11,6.099339392691879,6.010318351718619,6.010318351718619,True
temperature,ensemble,168,R11,8.383074870072653,8.218560228566437,8.218560228566437,
temperature,naive,168,R11,6.798065392291236,6.686652634411546,6.686652634411546,
temperature,nwp,168,R11,8.081607190701556,7.855504218880255,7.855504218880255,
temperature,ai,168,R12,1.8046665847702683,1.5492507576648065,1.5492507576648065,
temperature,blended,168,R12,3.563996208105385,3.3567802249027516,3.3567802249027516,True
temperature,ensemble,168,R12,7.408919010937952,7.139294925804075,7.139294925804075,
temperature,naive,168,R12,5.45933095132767,5.2121093904740805,5.2121093904740805,
temperature,nwp,168,R12,7.312889510713349,6.947782487953361,6.947782487953361,
temperature,ai,168,R13,0.644327505651005,0.5246542647247934,0.15279508865419356,
temperature,blended,168,R13,,,,
temperature,ensemble,168,R13,6.325449201370623,5.650981813999304,5.650981813999304,
temperature,naive,168,R13,4.242992909888173,3.680138604464832,3.680138604464832,
temperature,nwp,168,R13,6.018766762708792,5.2366389107409965,5.2366389107409965,
temperature,ai,168,R20,2.581560987739111,2.142724369504323,-1.4872030112184105,
temperature,blended,168,R20,,,,
temperature,ensemble,168,R20,16.460593129076702,15.625153620572465,15.625153620572465,
temperature,naive,168,R20,10.783743296227131,9.952763430628854,9.952763430628854,
temperature,nwp,168,R20,16.608279164466648,15.720339682532515,15.720339682532515,
temperature,ai,168,R21,3.993336081659436,3.416065824532222,2.949540782033658,
temperature,blended,168,R21,7.3942263153965175,7.053585648382336,7.053585648382336,True
temperature,ensemble,168,R21,15.106954973579612,14.826633797162867,14.826633797162867,
temperature,naive,168,R21,11.1024772446637,10.858874496334389,10.858874496334389,
temperature,nwp,168,R21,15.095537233185144,14.800448909806644,14.800448909806644,
temperature,ai,168,R22,4.037430613453783,3.691278263610083,2.1670026774465247,
temperature,blended,168,R22,6.890157025093684,6.413109491230135,6.403752148399143,True
temperature,ensemble,168,R22,14.254667901221561,13.883644770869543,13.883644770869543,
temperature,naive,168,R22,10.361875494842268,10.027186444578023,10.027186444578023,
temperature,nwp,168,R22,14.538033736708263,14.030911885418002,14.030911885418002,
temperature,ai,168,R23,2.0588589914023014,1.3924614894537313,1.291747423336831,
temperature,blended,168,R23,,,,
temperature,ensemble,168,R23,13.609510809341762,12.788734445274796,12.788734445274796,
temperature,naive,168,R23,9.725813216826992,9.005194019285515,9.005194019285515,
temperature,nwp,168,R23,13.98267888483999,12.935100189244917,12.935100189244917,
temperature,ai,168,R30,1.3793319342023134,1.2081295948002428,-0.8871687658071884,
temperature,blended,168,R30,,,,
temperature,ensemble,168,R30,17.75428139194069,17.218945943782714,17.218945943782714,
temperature,naive,168,R30,11.756788008513324,11.298427481925735,11.298427481925735,
temperature,nwp,168,R30,18.226920551703795,17.56350526780168,17.56350526780168,
temperature,ai,168,R31,2.5323477233608056,1.9106833815084059,-1.758312527377912,
temperature,blended,168,R31,,,,
temperature,ensemble,168,R31,15.029004279205324,14.71926924941545,14.71926924941545,
temperature,naive,168,R31,9.720115508992023,9.451104497115306,9.451104497115306,
temperature,nwp,168,R31,15.7186120082717,15.392356769308382,15.392356769308382,
temperature,ai,168,R32,1.5690527546063358,1.0502866165726221,-0.7634688715679575,
temperature,blended,168,R32,,,,
temperature,ensemble,168,R32,18.0959879212193,18.014947436925326,18.014947436925326,
temperature,naive,168,R32,11.953779905978564,11.857591705531588,11.857591705531588,
temperature,nwp,168,R32,18.449201552521693,18.32129655123739,18.32129655123739,
temperature,ai,168,R33,2.619725023595266,1.9092000894847352,1.813364431959444,
temperature,blended,168,R33,,,,
temperature,ensemble,168,R33,20.746642940600708,20.412972621181392,20.412972621181392,
temperature,naive,168,R33,14.44314526635742,14.122759899329024,14.122759899329024,
temperature,nwp,168,R33,20.483083311034147,20.14194264484624,20.14194264484624,
wind,ai,6,R00,0.8933417522530751,0.8432319139296615,-0.30471446818110204,
wind,blended,6,R00,,,,
wind,ensemble,6,R00,1.6710201883114695,1.3053630136473129,0.16235326779204437,
wind,naive,6,R00,1.3118134645597905,1.0415919302216547,0.04512021262798793,
wind,nwp,6,R00,1.7232276646604927,1.379755958713893,0.27772183827302166,
wind,ai,6,R01,1.459611416781435,1.3553398663892424,1.3553398663892424,
wind,blended,6,R01,,,,
wind,ensemble,6,R01,1.7356177510608748,1.368557404858252,0.41469966874133424,
wind,naive,6,R01,1.3795629374979725,1.0015488249259543,0.7577004654812926,
wind,nwp,6,R01,1.7110229404171013,1.2875087788380357,0.503061861313301,
wind,ai,6,R02,1.6823617747054616,1.51922828268611,1.51922828268611,
wind,blended,6,R02,,,,
wind,ensemble,6,R02,3.212142728944802,2.640296605348957,1.666368172705158,
wind,naive,6,R02,2.382512620188089,1.9734568130624832,1.565142786237605,
wind,nwp,6,R02,3.0327558038467903,2.476038460517077,1.5098319033215457,
wind,ai,6,R03,1.2740026163312297,1.031617643290742,0.7140327921724252,
wind,blended,6,R03,,,,
wind,ensemble,6,R03,4.123656018251156,3.525555447327723,2.7986479062946317,
wind,naive,6,R03,3.10438677987755,2.6163349500595503,2.1590754995466397,
wind,nwp,6,R03,4.305119071349095,3.6444939144094564,2.9645458001728624,
wind,ai,6,R10,2.045561901724852,1.74628808926327,-1.2835749146397402,
wind,blended,6,R10,,,,
wind,ensemble,6,R10,1.9182394765026658,1.5974791216764281,-0.7568960175226747,
wind,naive,6,R10,1.8436944739965693,1.5373271952600969,-0.942524646412697,
wind,nwp,6,R10,2.009872468628226,1.641597027082943,-0.7871030070756759,
wind,ai,6,R11,1.0560404625366249,0.8739084716298218,0.7701902729376167,
wind,blended,6,R11,1.299099598234399,1.0818470664305777,1.0388314374857397,True
wind,ensemble,6,R11,1.7175188678418347,1.3920140410104993,1.2714997570200037,
wind,naive,6,R11,1.3954791991998865,1.1494592635164143,1.0957970323274213,
wind,nwp,6,R11,1.739604793320234,1.3971814800106022,1.2457010670246436,
wind,ai,6,R12,1.8351876202561415,1.557972179601452,1.4043411994859254,
wind,blended,6,R12,1.847449941609727,1.2944904736104885,0.9616977416466354,True
wind,ensemble,6,R12,2.592466723832243,1.8907405392885628,0.5718173785982678,
wind,naive,6,R12,1.9894342029252883,1.3678837650868922,0.8946444640337027,
wind,nwp,6,R12,2.7962553533688266,1.9668333397807685,0.707774814016915,
wind,ai,6,R13,1.0343972659872946,0.7275711674444523,0.20396049439034905,
wind,blended,6,R13,,,,
wind,ensemble,6,R13,2.5585562364241894,1.9552038570698127,0.47975834361730696,
wind,naive,6,R13,1.7721436064814913,1.2936198947585327,0.4247295394473321,
wind,nwp,6,R13,2.5938191905382633,1.9620214322975336,0.5904697803343402,
wind,ai,6,R20,0.5643209471656437,0.49441205654258996,0.1578002769050598,
wind,blended,6,R20,,,,
wind,ensemble,6,R20,1.6388116245952447,1.2890117038085949,0.49242143243195863,
wind,naive,6,R20,1.2082097383420816,0.9560508128886476,0.427782797223657,
wind,nwp,6,R20,1.8459728651984573,1.406665954790803,0.6331266823339528,
wind,ai,6,R21,0.4325003757576928,0.32775055410856385,-0.06702404062667405,
wind,blended,6,R21,0.6251812606815992,0.4990841483997679,0.37334894777661903,True
wind,ensemble,6,R21,1.6813555614461326,1.3853438802932903,1.1928943519873545,
wind,naive,6,R21,1.1078298936740325,0.9210317636188431,0.7910055178554296,
wind,nwp,6,R21,1.6462786158756355,1.4084522322924455,1.2471462422056079,
wind,ai,6,R22,1.508095893030789,0.9343507267254137,0.8677364006974811,
wind,blended,6,R22,1.5122952654018709,1.209117359468539,1.1290306639503322,True
wind,ensemble,6,R22,2.00675615015206,1.6053795678743863,1.4288610353320979,
wind,naive,6,R22,1.548633392126513,1.2443824126037055,1.155088163571973,
wind,nwp,6,R22,1.6618631549396496,1.3222637114272342,1.1686670546863398,
wind,ai,6,R23,0.7216339941686049,0.5579059649148206,0.35946554907402833,
wind,blended,6,R23,,,,
wind,ensemble,6,R23,1.5755471436556931,1.2346174594215054,1.1201110030467394,
wind,naive,6,R23,1.0849249333099498,0.9104111783116023,0.7967009505937473,
wind,nwp,6,R23,1.2736180379277489,1.0595376863690602,0.910526299660474,
wind,ai,6,R30,0.25890251562042044,0.23784057930305352,0.18985747196033376,
wind,blended,6,R30,,,,
wind,ensemble,6,R30,1.380842358282219,1.0809214354266052,1.002165909284115,
wind,naive,6,R30,0.8997420773973795,0.7156072950160619,0.6816173408191921,
wind,nwp,6,R30,1.1847116547496086,0.9489897470677692,0.8528286412131273,
wind,ai,6,R31,0.6656862728564861,0.46558064730168286,0.45952456168921574,
wind,blended,6,R31,,,,
wind,ensemble,6,R31,2.801781012322011,2.1860031354172635,2.107110253221271,
wind,naive,6,R31,1.8542651189577615,1.4207173503212776,1.395831118007752,
wind,nwp,6,R31,2.4766373191833484,1.7678083858375233,1.6208585391127694,
wind,ai,6,R32,4.159257363847519,3.906762714314295,3.906762714314295,
wind,blended,6,R32,,,,
wind,ensemble,6,R32,3.6529372975985366,2.8786177309738745,2.415928624311788,
wind,naive,6,R32,3.644029507582017,3.0726718555384145,3.016081860793036,
wind,nwp,6,R32,3.9346567355209423,3.156101041545971,2.725554243753025,
wind,ai,6,R33,2.7636214646097406,2.344696654062423,2.344696654062423,
wind,blended,6,R33,,,,
wind,ensemble,6,R33,3.1541763325320806,2.3330562611615138,2.199203082601381,
wind,naive,6,R33,2.780908013730168,2.2322308018196613,2.2322308018196613,
wind,nwp,6,R33,3.2416005339618885,2.3184117289104127,2.1527926687951804,
wind,ai,24,R00,0.985905739225267,0.8775923708363389,-0.41808798276990683,
wind,blended,24,R00,,,,
wind,ensemble,24,R00,1.623168916638338,1.3121307238902349,0.8110020060081131,
wind,naive,24,R00,1.2974858789790724,1.0526432425500007,0.4601236968951892,
wind,nwp,24,R00,1.8020985184386722,1.506191225851437,0.9874570674473612,
wind,ai,24,R01,0.643003872076896,0.4863044981567888,0.46574001614770344,
wind,blended,24,R01,,,,
wind,ensemble,24,R01,2.381103804224961,1.777799576809345,1.2148961998106438,
wind,naive,24,R01,1.7111190339190392,1.2517976542259595,0.8995499042526214,
wind,nwp,24,R01,2.309415170426188,1.7236596234505461,1.0180134967995167,
wind,ai,24,R02,1.408980587283361,1.256314379837263,1.2225907683127075,
wind,blended,24,R02,,,,
wind,ensemble,24,R02,3.9590944131763988,3.216998186975716,2.784746744520886,
wind,naive,24,R02,2.88182134346283,2.3909641827415165,2.2314410939557843,
wind,nwp,24,R02,3.7196177824186174,3.045004814050473,2.68698576903376,
wind,ai,24,R03,1.4770966393594438,1.1479947613934,0.6741062302883244,
wind,blended,24,R03,,,,
wind,ensemble,24,R03,3.9348434147558566,3.341552763917164,2.7557455832905937,
wind,naive,24,R03,2.994585516352533,2.56520340753567,2.120733862552321,
wind,nwp,24,R03,4.107214581965954,3.4884059017644193,2.932349774078045,
wind,ai,24,R10,1.8647759540993751,1.4862533132540985,-1.4342021675481422,
wind,blended,24,R10,,,,
wind,ensemble,24,R10,1.657457818803126,1.3454402401501264,-1.3061615022177828,
wind,naive,24,R10,1.6405335642143573,1.3992249337788394,-1.3633106596423608,
wind,nwp,24,R10,1.8148728835751515,1.479617259094498,-1.3495683091611572,
wind,ai,24,R11,0.5595184700857061,0.36067086365317585,0.2963311769410743,
wind,blended,24,R11,0.8590147723493041,0.6097797085636943,0.5655778996080494,True
wind,ensemble,24,R11,1.7635266685809707,1.2547997624477563,0.9435866594421448,
wind,naive,24,R11,1.2259239015427705,0.8527905384793311,0.7559820005246113,
wind,nwp,24,R11,1.7329106596637536,1.2016737282701955,1.0280281651906151,
wind,ai,24,R12,1.631067555551421,1.1835344652826325,1.1680347382576615,
wind,blended,24,R12,1.8199091941599397,1.2964838055010384,0.8116199883434906,True
wind,ensemble,24,R12,2.614106793656873,1.8785651722661838,0.34840687673999,
wind,naive,24,R12,2.0516924119184905,1.446049759507485,0.7337511231401049,
wind,nwp,24,R12,3.069022497812221,2.091430789746569,0.6848117544226634,
wind,ai,24,R13,1.1546020761620026,0.8617130046841404,0.61986350511191,
wind,blended,24,R13,,,,
wind,ensemble,24,R13,2.3626274996698533,1.761836522148253,0.6043912192788461,
wind,naive,24,R13,1.8496492998048735,1.3151431764963246,0.7251229359039763,
wind,nwp,24,R13,2.800493137772868,2.042172828708659,0.9511140833211729,
wind,ai,24,R20,0.6379312698534049,0.4901705791445271,0.0934456998184721,
wind,blended,24,R20,,,,
wind,ensemble,24,R20,1.3234636174929042,1.0109004082293085,0.7721721564335834,
wind,naive,24,R20,0.9259381586698662,0.7437182269309662,0.612170643129541,
wind,nwp,24,R20,1.4477461678469286,1.1698680830054968,0.9708940731365674,
wind,ai,24,R21,0.35096515043815074,0.26232377875524615,0.1973377480663605,
wind,blended,24,R21,0.568812678832507,0.41083635296974447,0.3283971936735094,True
wind,ensemble,24,R21,1.1426447454519402,0.83095489680377,0.42719829331367437,
wind,naive,24,R21,0.8012919944985964,0.5661006012771604,0.42563261784348744,
wind,nwp,24,R21,1.1289587324455055,0.8371299163067152,0.6523618121504277,
wind,ai,24,R22,0.42362839069451397,0.3689616159279002,0.13100612178679868,
wind,blended,24,R22,0.6451583658319165,0.5244017646887115,0.23077920880009128,True
wind,ensemble,24,R22,1.148067362242833,0.9759910382966791,0.3555890962758208,
wind,naive,24,R22,0.789851884788499,0.6509943445304878,0.2798691202410643,
wind,nwp,24,R22,0.9639268768349175,0.7852981317713869,0.3530121426605735,
wind,ai,24,R23,0.4803822209999609,0.4406661777692025,0.4406661777692025,
wind,blended,24,R23,,,,
wind,ensemble,24,R23,0.9499420162066449,0.7633791100062917,0.5558541790367122,
wind,naive,24,R23,0.6865472281549448,0.5543975797087712,0.4871330366587642,
wind,nwp,24,R23,0.7742520310942522,0.6298858987344331,0.46487875317037786,
wind,ai,24,R30,0.4744606970147951,0.36869185888337214,0.2963223779477235,
wind,blended,24,R30,,,,
wind,ensemble,24,R30,2.0799399823869256,1.4467760447721718,1.1868589135308472,
wind,naive,24,R30,1.2325842360351964,0.9565278238642474,0.7553762727034289,
wind,nwp,24,R30,1.4753055941479378,1.158950526804853,0.7829475266317161,
wind,ai,24,R31,0.547564769679618,0.5049084215497676,0.5049084215497676,
wind,blended,24,R31,,,,
wind,ensemble,24,R31,1.3281371674831903,1.0344619153898502,0.9334291367663726,
wind,naive,24,R31,0.8747818596491344,0.7152787598681043,0.6862781484488399,
wind,nwp,24,R31,0.9801308870427513,0.7209179071998756,0.6204968870303796,
wind,ai,24,R32,0.7703090690264554,0.6661401119516037,0.6661401119516037,
wind,blended,24,R32,,,,
wind,ensemble,24,R32,1.4464679881746882,1.1929321807523505,0.3835212176781446,
wind,naive,24,R32,1.0180806161025857,0.8370764724376923,0.5494886213835924,
wind,nwp,24,R32,1.479009744081362,1.1679932755921116,0.5988045345210292,
wind,ai,24,R33,1.4342983333649566,1.3077908265924705,1.3077908265924705,
wind,blended,24,R33,,,,
wind,ensemble,24,R33,1.438840009988736,1.1605304269075076,0.7132377116057305,
wind,naive,24,R33,1.0959844706540216,0.8607234172783688,0.7659640290933553,
wind,nwp,24,R33,1.2033861650874629,0.9136191586662636,0.2768635490818649,
wind,ai,72,R00,1.743586341017116,1.4597479054547318,-1.4597479054547318,
wind,blended,72,R00,,,,
wind,ensemble,72,R00,1.9536660187147343,1.6030012876046853,0.9083754904384486,
wind,naive,72,R00,1.39583630460239,1.152804838567305,0.33207234746129466,
wind,nwp,72,R00,2.2766380645823836,1.8814428429472299,1.5475894574001674,
wind,ai,72,R01,0.41644396297420816,0.3479147485110561,-0.257478939772363,
wind,blended,72,R01,,,,
wind,ensemble,72,R01,2.746071997354985,2.0170901456720363,1.5612707463526998,
wind,naive,72,R01,1.7334941115779972,1.3097742426876138,0.8301965966050314,
wind,nwp,72,R01,2.6330561561745833,1.98405352496999,1.1867979832347575,
wind,ai,72,R02,0.8524866782466747,0.6853203063097089,0.27845545604394617,
wind,blended,72,R02,,,,
wind,ensemble,72,R02,5.345452868239958,4.640520851344776,4.111470077903304,
wind,naive,72,R02,3.5128500487532506,3.0465787010422276,2.712076734795851,
wind,nwp,72,R02,4.991581789209534,4.401131341122512,3.746304670440301,
wind,ai,72,R03,0.7675465144072927,0.6551845070780871,0.29164306756133695,
wind,blended,72,R03,,,,
wind,ensemble,72,R03,4.82210590176706,4.391362379474329,3.902907361700744,
wind,naive,72,R03,3.444893602881794,3.141589138706977,2.80819034016345,
wind,nwp,72,R03,5.227501122142353,4.752239785111776,4.23002059122827,
wind,ai,72,R10,2.958964821198046,2.556033441041104,-2.556033441041104,
wind,blended,72,R10,,,,
wind,ensemble,72,R10,1.8433305464718517,1.4896408188800696,-1.1671666334677901,
wind,naive,72,R10,2.036467326646977,1.681615991617814,-1.6314800589222098,
wind,nwp,72,R10,2.0224406885490787,1.5743319340724276,-1.1712401022577352,
wind,ai,72,R11,0.38935279575802256,0.3193943411508145,0.2558856102633221,
wind,blended,72,R11,0.7945493482485465,0.6126266261089649,0.5855808871359651,True
wind,ensemble,72,R11,2.682010965320025,1.882671735471911,1.703975631176115,
wind,naive,72,R11,1.9283689177579837,1.3318207533335982,1.2766532237371904,
wind,nwp,72,R11,2.9887850955767847,1.9547997901137104,1.8700984297721337,
wind,ai,72,R12,1.1690332490948832,0.9768021401403528,-0.09951192021411874,
wind,blended,72,R12,1.8177875119861269,1.401715892678978,0.5245594732242739,True
wind,ensemble,72,R12,3.9737675304514677,2.9896720937869987,1.226269799656232,
wind,naive,72,R12,3.0014406818588086,2.2710832294513805,1.1362901003679797,
wind,nwp,72,R12,4.919675088894243,3.6350027676475887,2.2821124216618256,
wind,ai,72,R13,0.6216484108828833,0.44716213095618557,0.2984786385848309,
wind,blended,72,R13,,,,
wind,ensemble,72,R13,2.6491868198869954,1.9262399244255544,0.6269446259676059,
wind,naive,72,R13,2.2361796042310065,1.5374364422070284,0.9184766587063031,
wind,nwp,72,R13,4.072349580787677,2.820426346883429,1.8300067115664727,
wind,ai,72,R20,0.8978268895745424,0.7326840902297608,0.041580307280219386,
wind,blended,72,R20,,,,
wind,ensemble,72,R20,2.0893194332928635,1.6909923474170552,1.5431241325938432,
wind,naive,72,R20,1.5915317079973326,1.2507523567719183,1.1453289311474315,
wind,nwp,72,R20,2.474866827450358,1.9726530620899332,1.8512823535682315,
wind,ai,72,R21,0.5846585648437285,0.47471136414580367,0.31462696859887856,
wind,blended,72,R21,0.7809663185399135,0.6167986490640097,0.46250806155348145,True
wind,ensemble,72,R21,1.2639358086977803,0.9694202570435245,0.5378245351978231,
wind,naive,72,R21,0.9369535419422074,0.7239360003382895,0.5227016284564787,
wind,nwp,72,R21,1.3092799609826469,1.004687043820336,0.7156533815727343,
wind,ai,72,R22,0.6269322400422048,0.5546537235538999,-0.21975424066686844,
wind,blended,72,R22,0.7515614118069082,0.6631454838200893,0.1673416426802952,True
wind,ensemble,72,R22,1.4122036157767421,1.1808911987855257,0.5205920196304757,
wind,naive,72,R22,0.9713112639415835,0.8159172934279508,0.34059048027631345,
wind,nwp,72,R22,1.507179614212486,1.0513063663733573,0.7209336618653329,
wind,ai,72,R23,0.4203903902548818,0.3921042627558671,0.3268259614249268,
wind,blended,72,R23,,,,
wind,ensemble,72,R23,0.9079388527934663,0.7637143810801365,0.5124577781634332,
wind,naive,72,R23,0.6722501276190919,0.5647782018621021,0.4387710908072841,
wind,nwp,72,R23,0.8407028338872654,0.6951933999860513,0.47702953283349253,
wind,ai,72,R30,0.7420166312789,0.5049835545466146,0.4619861958315713,
wind,blended,72,R30,,,,
wind,ensemble,72,R30,2.369969586078836,1.6975799980641026,1.520369305099782,
wind,naive,72,R30,1.5038416527752365,1.1458579419671497,1.0349624957912147,
wind,nwp,72,R30,1.7707847606454064,1.349737603879364,1.1225319864422905,
wind,ai,72,R31,0.4378055235553305,0.3535982866022661,0.3232075128290284,
wind,blended,72,R31,,,,
wind,ensemble,72,R31,1.3303638549031676,1.049409936465879,0.8860195816329857,
wind,naive,72,R31,0.87172360687813,0.6945839028796928,0.6219900227002538,
wind,nwp,72,R31,1.093303998127826,0.8233180731606399,0.6567429736387472,
wind,ai,72,R32,0.8677852028308507,0.8081360483728128,0.8081360483728128,
wind,blended,72,R32,,,,
wind,ensemble,72,R32,1.3274680526267562,1.0735651109958788,-0.03879752762303371,
wind,naive,72,R32,0.9126025859761631,0.7813439981545778,0.38249000980527464,
wind,nwp,72,R32,1.3409959004378316,1.0726685952603976,0.3781315086660446,
wind,ai,72,R33,0.6907458674774677,0.5719882532314436,0.2168319979541829,
wind,blended,72,R33,,,,
wind,ensemble,72,R33,1.304684113031516,1.0323227007662221,0.17136466885241558,
wind,naive,72,R33,0.8715113297609717,0.6950117574519714,0.17117308415809113,
wind,nwp,72,R33,1.055344073869901,0.7872136967767145,0.12532258566767487,
wind,ai,168,R00,2.2798155273888594,1.8962193403174206,-1.8962193403174206,
wind,blended,168,R00,,,,
wind,ensemble,168,R00,1.9283917639829342,1.5262678817348232,0.6459465944475521,
wind,naive,168,R00,1.4148872104036965,1.1225827092008416,0.08734502038593664,
wind,nwp,168,R00,2.4740894885901623,2.004658550370811,1.5123078070276785,
wind,ai,168,R01,1.3925281726020302,1.1807137841952473,-1.118695231319676,
wind,blended,168,R01,,,,
wind,ensemble,168,R01,2.3831721650258886,1.7486759103400822,1.313019623200952,
wind,naive,168,R01,1.469016310003529,1.120998489107166,0.5396344421411445,
wind,nwp,168,R01,2.791169457446755,2.016159466198193,1.424578934542158,
wind,ai,168,R02,1.1903505418845255,1.0517247026300356,-1.0517247026300356,
wind,blended,168,R02,,,,
wind,ensemble,168,R02,4.5899553925312615,4.170008380871003,4.170008380871003,
wind,naive,168,R02,2.964097143864915,2.624746697069733,2.6168390622601376,
wind,nwp,168,R02,5.298360937512726,4.732233508539446,4.732233508539446,
wind,ai,168,R03,1.4337842632541962,1.288009808308387,-0.950016785959209,
wind,blended,168,R03,,,,
wind,ensemble,168,R03,3.558287228086773,3.3188350935824755,3.3188350935824755,
wind,naive,168,R03,2.410802996837774,2.164532373018972,2.11617902635885,
wind,nwp,168,R03,4.507635363486941,4.089129443052203,3.9797187714532836,
wind,ai,168,R10,1.070118285857198,0.8701963507509731,-0.8701963507509731,
wind,blended,168,R10,,,,
wind,ensemble,168,R10,2.011578350057478,1.552058761654633,-1.2628906826201214,
wind,naive,168,R10,1.5130864042655463,1.174205979277864,-0.988054551085275,
wind,nwp,168,R10,1.9037563404141253,1.4806516297061534,-0.8310766198847306,
wind,ai,168,R11,0.4487996359288957,0.34900562469063334,-0.12619372175869745,
wind,blended,168,R11,0.7085528813406536,0.5548533269352265,0.4232994238036093,True
wind,ensemble,168,R11,2.472687976577343,2.0190803451665778,2.0058249651817226,
wind,naive,168,R11,1.8348474810245956,1.414129566333261,1.3938240686066787,
wind,nwp,168,R11,3.21470061090397,2.347862288921738,2.3018409623970117,
wind,ai,168,R12,2.195073394165625,1.6897608623986125,-1.592091930663564,
wind,blended,168,R12,1.8567641174823613,1.4328419062712752,0.7255218929299208,True
wind,ensemble,168,R12,3.5976269630905593,2.721151948411934,2.2311403474915856,
wind,naive,168,R12,2.811753804303018,2.1214610428586966,1.791148379487667,
wind,nwp,168,R12,6.290187500485636,4.851544435824365,4.734396721634978,
wind,ai,168,R13,0.8965326107232359,0.7221468392006637,-0.433256831069922,
wind,blended,168,R13,,,,
wind,ensemble,168,R13,2.4013523405203308,1.7563708453089608,1.2816148560769738,
wind,naive,168,R13,2.1156648044936603,1.5543918440672735,1.0812000238770463,
wind,nwp,168,R13,4.167562567165115,3.0306025742866813,2.395242046624086,
wind,ai,168,R20,0.3485543150773394,0.22324576178514766,0.11729445754023328,
wind,blended,168,R20,,,,
wind,ensemble,168,R20,2.996764947583649,2.688635508779367,2.6663938426211473,
wind,naive,168,R20,2.27454055557653,2.0399839594674245,2.0399839594674245,
wind,nwp,168,R20,3.768057518605221,3.3362635782408923,3.3362635782408923,
wind,ai,168,R21,0.5202032029780769,0.41785497020676216,0.1553227333119589,
wind,blended,168,R21,0.8166715233437456,0.6451736100602485,0.5750993639091024,True
wind,ensemble,168,R21,1.5039586737064323,1.196302056740093,1.0535742831155324,
wind,naive,168,R21,1.3117775022547118,1.0436268120151233,0.9793949496153624,
wind,nwp,168,R21,2.361251232576791,1.8338984564668463,1.729287832418596,
wind,ai,168,R22,0.7436138973006875,0.6273810545629205,-0.19730720227832152,
wind,blended,168,R22,0.8031910592280427,0.6780655290194934,0.38676752202998116,True
wind,ensemble,168,R22,1.4847861354397263,1.1671781361672653,0.8872564728764042,
wind,naive,168,R22,1.2634516274075707,0.9415189224307724,0.7503504426038529,
wind,nwp,168,R22,2.6190834275513244,1.6759252026532734,1.561102057213476,
wind,ai,168,R23,0.357006331551735,0.3061190473995283,0.19058230895902445,
wind,blended,168,R23,,,,
wind,ensemble,168,R23,0.7374538612462528,0.606035814194412,0.4667344426160683,
wind,naive,168,R23,0.5769751692940717,0.47499603118726696,0.40363632474471617,
wind,nwp,168,R23,0.9250299461001393,0.6873690524656288,0.5535922226590555,
wind,ai,168,R30,0.48766431442059505,0.36639631856937227,0.3556579340401379,
wind,blended,168,R30,,,,
wind,ensemble,168,R30,2.1020628760283087,1.5049773488866327,1.3735180035441878,
wind,naive,168,R30,1.3327750105685596,1.01865482634262,0.9495864339273441,
wind,nwp,168,R30,1.7402507302618022,1.3309766654012571,1.1195833641977067,
wind,ai,168,R31,0.35638690436399995,0.3157932997736207,0.19975499596859658,
wind,blended,168,R31,,,,
wind,ensemble,168,R31,1.2305709129301734,0.9706935995974083,0.7475796757248121,
wind,naive,168,R31,0.7942863439502114,0.6530856737534576,0.5497048750782897,
wind,nwp,168,R31,1.1313595898661608,0.8259029847191279,0.7017799535414605,
wind,ai,168,R32,0.5443721890185244,0.46163765730329276,-0.022921942377357125,
wind,blended,168,R32,,,,
wind,ensemble,168,R32,1.2547733808214587,1.0352200222117256,-0.19679459312100614,
wind,naive,168,R32,0.8135609062288925,0.6485767345743803,0.1751858204427406,
wind,nwp,168,R32,1.5297866850074076,1.1749016986882834,0.745273996826585,
wind,ai,168,R33,0.5155839962753259,0.45743695667272666,0.17004779040474255,
wind,blended,168,R33,,,,
wind,ensemble,168,R33,1.2520662378025882,1.0885458869424331,0.12516045199317102,
wind,naive,168,R33,0.8831737989911247,0.715620552349825,0.21675430899677453,
wind,nwp,168,R33,1.2183669931634804,0.7957255348554566,0.35505468459240985,
