variable,source,lead_time,region,season,regime,rmse,mae,bias,n_samples
rainfall,ensemble,6,R00,monsoon,clear,,,,112
rainfall,ensemble,6,R01,monsoon,clear,,,,112
rainfall,ensemble,6,R02,monsoon,clear,,,,112
rainfall,ensemble,6,R03,monsoon,clear,,,,112
rainfall,ensemble,6,R10,monsoon,clear,,,,112
rainfall,ensemble,6,R11,monsoon,clear,2.2674165200379663,1.4937428554445347,1.4937428554445347,112
rainfall,ensemble,6,R12,monsoon,clear,5.782104657629059,3.078685832800473,3.0784610096542844,112
rainfall,ensemble,6,R13,monsoon,clear,,,,112
rainfall,ensemble,6,R20,monsoon,clear,,,,112
rainfall,ensemble,6,R21,monsoon,clear,1.6881631037019083,0.9653557639064917,0.9626130858973544,112
rainfall,ensemble,6,R22,monsoon,clear,2.324860921263832,1.2772293671962054,1.2765799599169394,112
rainfall,ensemble,6,R23,monsoon,clear,,,,112
rainfall,ensemble,6,R30,monsoon,clear,,,,112
rainfall,ensemble,6,R31,monsoon,clear,,,,112
rainfall,ensemble,6,R32,monsoon,clear,,,,112
rainfall,ensemble,6,R33,monsoon,clear,,,,112
rainfall,ensemble,24,R00,monsoon,clear,,,,112
rainfall,ensemble,24,R01,monsoon,clear,,,,112
rainfall,ensemble,24,R02,monsoon,clear,,,,112
rainfall,ensemble,24,R03,monsoon,clear,,,,112
rainfall,ensemble,24,R10,monsoon,clear,,,,112
rainfall,ensemble,24,R11,monsoon,clear,3.2649742588400694,1.781206348047015,1.781206348047015,112
rainfall,ensemble,24,R12,monsoon,clear,4.260261072282894,2.426734692874839,2.4260979224191037,112
rainfall,ensemble,24,R13,monsoon,clear,,,,112
rainfall,ensemble,24,R20,monsoon,clear,,,,112
rainfall,ensemble,24,R21,monsoon,clear,0.6934933543795362,0.3930329681227172,0.3878749899204685,112
rainfall,ensemble,24,R22,monsoon,clear,1.246885462411961,0.7054124543420153,0.7034482152638504,112
rainfall,ensemble,24,R23,monsoon,clear,,,,112
rainfall,ensemble,24,R30,monsoon,clear,,,,112
rainfall,ensemble,24,R31,monsoon,clear,,,,112
rainfall,ensemble,24,R32,monsoon,clear,,,,112
rainfall,ensemble,24,R33,monsoon,clear,,,,112
rainfall,ensemble,72,R00,monsoon,clear,,,,112
rainfall,ensemble,72,R01,monsoon,clear,,,,112
rainfall,ensemble,72,R02,monsoon,clear,,,,112
rainfall,ensemble,72,R03,monsoon,clear,,,,112
rainfall,ensemble,72,R10,monsoon,clear,,,,112
rainfall,ensemble,72,R11,monsoon,clear,3.837992108062021,2.5885000009961905,2.5885000009961905,112
rainfall,ensemble,72,R12,monsoon,clear,4.968313655979201,3.4500619168194375,3.449661406933148,112
rainfall,ensemble,72,R13,monsoon,clear,,,,112
rainfall,ensemble,72,R20,monsoon,clear,,,,112
rainfall,ensemble,72,R21,monsoon,clear,1.0465277456870585,0.4220435343477747,0.41817657469394337,112
rainfall,ensemble,72,R22,monsoon,clear,3.705868881457138,2.0441842360016023,2.041928367832026,112
rainfall,ensemble,72,R23,monsoon,clear,,,,112
rainfall,ensemble,72,R30,monsoon,clear,,,,112
rainfall,ensemble,72,R31,monsoon,clear,,,,112
rainfall,ensemble,72,R32,monsoon,clear,,,,112
rainfall,ensemble,72,R33,monsoon,clear,,,,112
rainfall,ensemble,168,R00,monsoon,clear,,,,112
rainfall,ensemble,168,R01,monsoon,clear,,,,112
rainfall,ensemble,168,R02,monsoon,clear,,,,112
rainfall,ensemble,168,R03,monsoon,clear,,,,112
rainfall,ensemble,168,R10,monsoon,clear,,,,112
rainfall,ensemble,168,R11,monsoon,clear,2.27393699652238,1.468805560099463,1.468805560099463,112
rainfall,ensemble,168,R12,monsoon,clear,4.955515868983602,3.777764587646215,3.777764587646215,112
rainfall,ensemble,168,R13,monsoon,clear,,,,112
rainfall,ensemble,168,R20,monsoon,clear,,,,112
rainfall,ensemble,168,R21,monsoon,clear,2.1242404904160574,1.002353943913794,1.0021884782629265,112
rainfall,ensemble,168,R22,monsoon,clear,4.614732276874426,3.527393716667244,3.5272061465349163,112
rainfall,ensemble,168,R23,monsoon,clear,,,,112
rainfall,ensemble,168,R30,monsoon,clear,,,,112
rainfall,ensemble,168,R31,monsoon,clear,,,,112
rainfall,ensemble,168,R32,monsoon,clear,,,,112
rainfall,ensemble,168,R33,monsoon,clear,,,,112
rainfall,nwp,6,R00,monsoon,clear,,,,112
rainfall,nwp,6,R01,monsoon,clear,,,,112
rainfall,nwp,6,R02,monsoon,clear,,,,112
rainfall,nwp,6,R03,monsoon,clear,,,,112
rainfall,nwp,6,R10,monsoon,clear,,,,112
rainfall,nwp,6,R11,monsoon,clear,1.7395008920818045,0.9924152921175303,0.9924152921175303,112
rainfall,nwp,6,R12,monsoon,clear,7.624164816460389,3.0339960876344634,3.0330494343429817,112
rainfall,nwp,6,R13,monsoon,clear,,,,112
rainfall,nwp,6,R20,monsoon,clear,,,,112
rainfall,nwp,6,R21,monsoon,clear,1.0823677762139996,0.5181190179233813,0.5150606366991451,112
rainfall,nwp,6,R22,monsoon,clear,1.8678590497602054,0.8957923146901544,0.8949900173245557,112
rainfall,nwp,6,R23,monsoon,clear,,,,112
rainfall,nwp,6,R30,monsoon,clear,,,,112
rainfall,nwp,6,R31,monsoon,clear,,,,112
rainfall,nwp,6,R32,monsoon,clear,,,,112
rainfall,nwp,6,R33,monsoon,clear,,,,112
rainfall,nwp,24,R00,monsoon,clear,,,,112
rainfall,nwp,24,R01,monsoon,clear,,,,112
rainfall,nwp,24,R02,monsoon,clear,,,,112
rainfall,nwp,24,R03,monsoon,clear,,,,112
rainfall,nwp,24,R10,monsoon,clear,,,,112
rainfall,nwp,24,R11,monsoon,clear,4.57202823735838,2.2256714161410858,2.2256714161410858,112
rainfall,nwp,24,R12,monsoon,clear,9.61542131077573,2.839308767913129,2.838836916617672,112
rainfall,nwp,24,R13,monsoon,clear,,,,112
rainfall,nwp,24,R20,monsoon,clear,,,,112
rainfall,nwp,24,R21,monsoon,clear,0.8868805603432957,0.3510850623376586,0.3457121792315184,112
rainfall,nwp,24,R22,monsoon,clear,1.378577038929287,0.5997366513214367,0.5973329689687151,112
rainfall,nwp,24,R23,monsoon,clear,,,,112
rainfall,nwp,24,R30,monsoon,clear,,,,112
rainfall,nwp,24,R31,monsoon,clear,,,,112
rainfall,nwp,24,R32,monsoon,clear,,,,112
rainfall,nwp,24,R33,monsoon,clear,,,,112
rainfall,nwp,72,R00,monsoon,clear,,,,112
rainfall,nwp,72,R01,monsoon,clear,,,,112
rainfall,nwp,72,R02,monsoon,clear,,,,112
rainfall,nwp,72,R03,monsoon,clear,,,,112
rainfall,nwp,72,R10,monsoon,clear,,,,112
rainfall,nwp,72,R11,monsoon,clear,11.332319385094744,3.8833290551403215,3.8833290551403215,112
rainfall,nwp,72,R12,monsoon,clear,5.7006456202359574,3.13626404016179,3.1361370401940625,112
rainfall,nwp,72,R13,monsoon,clear,,,,112
rainfall,nwp,72,R20,monsoon,clear,,,,112
rainfall,nwp,72,R21,monsoon,clear,1.4815041552638797,0.35183195761831004,0.34631200970708065,112
rainfall,nwp,72,R22,monsoon,clear,4.687434922246779,1.9565595479377227,1.95334768549469,112
rainfall,nwp,72,R23,monsoon,clear,,,,112
rainfall,nwp,72,R30,monsoon,clear,,,,112
rainfall,nwp,72,R31,monsoon,clear,,,,112
rainfall,nwp,72,R32,monsoon,clear,,,,112
rainfall,nwp,72,R33,monsoon,clear,,,,112
rainfall,nwp,168,R00,monsoon,clear,,,,112
rainfall,nwp,168,R01,monsoon,clear,,,,112
rainfall,nwp,168,R02,monsoon,clear,,,,112
rainfall,nwp,168,R03,monsoon,clear,,,,112
rainfall,nwp,168,R10,monsoon,clear,,,,112
rainfall,nwp,168,R11,monsoon,clear,4.468285629255493,1.8960476211734434,1.8960476211734434,112
rainfall,nwp,168,R12,monsoon,clear,9.309714011598613,3.8340682628236893,3.8336736481428133,112
rainfall,nwp,168,R13,monsoon,clear,,,,112
rainfall,nwp,168,R20,monsoon,clear,,,,112
rainfall,nwp,168,R21,monsoon,clear,4.15730556523217,1.003561799276758,1.0013401059258638,112
rainfall,nwp,168,R22,monsoon,clear,14.181564571021662,6.548276145453767,6.546665546561834,112
rainfall,nwp,168,R23,monsoon,clear,,,,112
rainfall,nwp,168,R30,monsoon,clear,,,,112
rainfall,nwp,168,R31,monsoon,clear,,,,112
rainfall,nwp,168,R32,monsoon,clear,,,,112
rainfall,nwp,168,R33,monsoon,clear,,,,112
temperature,ai,6,R00,monsoon,clear,,,,112
temperature,ai,6,R01,monsoon,clear,,,,112
temperature,ai,6,R02,monsoon,clear,,,,112
temperature,ai,6,R03,monsoon,clear,,,,112
temperature,ai,6,R10,monsoon,clear,,,,112
temperature,ai,6,R11,monsoon,clear,10.396648976063533,10.21748607870973,10.21748607870973,112
temperature,ai,6,R12,monsoon,clear,4.236943161143026,2.9560141641122266,2.897929888124814,112
temperature,ai,6,R13,monsoon,clear,,,,112
temperature,ai,6,R20,monsoon,clear,,,,112
temperature,ai,6,R21,monsoon,clear,8.283668165877195,8.15080106193636,8.15080106193636,112
temperature,ai,6,R22,monsoon,clear,7.631251160752918,7.478124360449519,7.478124360449519,112
temperature,ai,6,R23,monsoon,clear,,,,112
temperature,ai,6,R30,monsoon,clear,,,,112
temperature,ai,6,R31,monsoon,clear,,,,112
temperature,ai,6,R32,monsoon,clear,,,,112
temperature,ai,6,R33,monsoon,clear,,,,112
temperature,ai,24,R00,monsoon,clear,,,,112
temperature,ai,24,R01,monsoon,clear,,,,112
temperature,ai,24,R02,monsoon,clear,,,,112
temperature,ai,24,R03,monsoon,clear,,,,112
temperature,ai,24,R10,monsoon,clear,,,,112
temperature,ai,24,R11,monsoon,clear,2.4671122731974586,2.2882604650803535,2.2882604650803535,112
temperature,ai,24,R12,monsoon,clear,0.7190221168169895,0.618304008201315,-0.03128836926119172,112
temperature,ai,24,R13,monsoon,clear,,,,112
temperature,ai,24,R20,monsoon,clear,,,,112
temperature,ai,24,R21,monsoon,clear,1.4882074977514275,1.0530199573658146,0.5054927025312215,112
temperature,ai,24,R22,monsoon,clear,2.187180774990572,1.6408245209117027,-1.0049138047960107,112
temperature,ai,24,R23,monsoon,clear,,,,112
temperature,ai,24,R30,monsoon,clear,,,,112
temperature,ai,24,R31,monsoon,clear,,,,112
temperature,ai,24,R32,monsoon,clear,,,,112
temperature,ai,24,R33,monsoon,clear,,,,112
temperature,ai,72,R00,monsoon,clear,,,,112
temperature,ai,72,R01,monsoon,clear,,,,112
temperature,ai,72,R02,monsoon,clear,,,,112
temperature,ai,72,R03,monsoon,clear,,,,112
temperature,ai,72,R10,monsoon,clear,,,,112
temperature,ai,72,R11,monsoon,clear,2.7667334726498467,2.555349696594991,2.555349696594991,112
temperature,ai,72,R12,monsoon,clear,0.6724671406449775,0.5075192948329565,0.40477420853979496,112
temperature,ai,72,R13,monsoon,clear,,,,112
temperature,ai,72,R20,monsoon,clear,,,,112
temperature,ai,72,R21,monsoon,clear,4.404221000538379,4.268610852088456,4.268610852088456,112
temperature,ai,72,R22,monsoon,clear,3.087655468967797,2.6088446732509305,2.6088446732509305,112
temperature,ai,72,R23,monsoon,clear,,,,112
temperature,ai,72,R30,monsoon,clear,,,,112
temperature,ai,72,R31,monsoon,clear,,,,112
temperature,ai,72,R32,monsoon,clear,,,,112
temperature,ai,72,R33,monsoon,clear,,,,112
temperature,ai,168,R00,monsoon,clear,,,,112
temperature,ai,168,R01,monsoon,clear,,,,112
temperature,ai,168,R02,monsoon,clear,,,,112
temperature,ai,168,R03,monsoon,clear,,,,112
temperature,ai,168,R10,monsoon,clear,,,,112
temperature,ai,168,R11,monsoon,clear,4.116894920532916,3.985893455787944,3.985893455787944,112
temperature,ai,168,R12,monsoon,clear,1.8046665847702683,1.5492507576648065,1.5492507576648065,112
temperature,ai,168,R13,monsoon,clear,,,,112
temperature,ai,168,R20,monsoon,clear,,,,112
temperature,ai,168,R21,monsoon,clear,3.993336081659436,3.416065824532222,2.949540782033658,112
temperature,ai,168,R22,monsoon,clear,4.037430613453783,3.691278263610083,2.1670026774465247,112
temperature,ai,168,R23,monsoon,clear,,,,112
temperature,ai,168,R30,monsoon,clear,,,,112
temperature,ai,168,R31,monsoon,clear,,,,112
temperature,ai,168,R32,monsoon,clear,,,,112
temperature,ai,168,R33,monsoon,clear,,,,112
temperature,ensemble,6,R00,monsoon,clear,,,,112
temperature,ensemble,6,R01,monsoon,clear,,,,112
temperature,ensemble,6,R02,monsoon,clear,,,,112
temperature,ensemble,6,R03,monsoon,clear,,,,112
temperature,ensemble,6,R10,monsoon,clear,,,,112
temperature,ensemble,6,R11,monsoon,clear,16.00073195564928,15.755152377846802,15.755152377846802,112
temperature,ensemble,6,R12,monsoon,clear,10.176960524158558,9.037736466961135,9.037736466961135,112
temperature,ensemble,6,R13,monsoon,clear,,,,112
temperature,ensemble,6,R20,monsoon,clear,,,,112
temperature,ensemble,6,R21,monsoon,clear,22.300866665447995,22.112529021840057,22.112529021840057,112
temperature,ensemble,6,R22,monsoon,clear,21.917940529739578,21.58038393858252,21.58038393858252,112
temperature,ensemble,6,R23,monsoon,clear,,,,112
temperature,ensemble,6,R30,monsoon,clear,,,,112
temperature,ensemble,6,R31,monsoon,clear,,,,112
temperature,ensemble,6,R32,monsoon,clear,,,,112
temperature,ensemble,6,R33,monsoon,clear,,,,112
temperature,ensemble,24,R00,monsoon,clear,,,,112
temperature,ensemble,24,R01,monsoon,clear,,,,112
temperature,ensemble,24,R02,monsoon,clear,,,,112
temperature,ensemble,24,R03,monsoon,clear,,,,112
temperature,ensemble,24,R10,monsoon,clear,,,,112
temperature,ensemble,24,R11,monsoon,clear,9.379987827077464,9.240137608307803,9.240137608307803,112
temperature,ensemble,24,R12,monsoon,clear,7.488269346104696,7.141606807944217,7.141606807944217,112
temperature,ensemble,24,R13,monsoon,clear,,,,112
temperature,ensemble,24,R20,monsoon,clear,,,,112
temperature,ensemble,24,R21,monsoon,clear,15.781455848522366,15.544790037716952,15.544790037716952,112
temperature,ensemble,24,R22,monsoon,clear,15.099066929242463,14.714724362893117,14.714724362893117,112
temperature,ensemble,24,R23,monsoon,clear,,,,112
temperature,ensemble,24,R30,monsoon,clear,,,,112
temperature,ensemble,24,R31,monsoon,clear,,,,112
temperature,ensemble,24,R32,monsoon,clear,,,,112
temperature,ensemble,24,R33,monsoon,clear,,,,112
temperature,ensemble,72,R00,monsoon,clear,,,,112
temperature,ensemble,72,R01,monsoon,clear,,,,112
temperature,ensemble,72,R02,monsoon,clear,,,,112
temperature,ensemble,72,R03,monsoon,clear,,,,112
temperature,ensemble,72,R10,monsoon,clear,,,,112
temperature,ensemble,72,R11,monsoon,clear,9.204257280553543,9.036808264057893,9.036808264057893,112
temperature,ensemble,72,R12,monsoon,clear,7.524719552659505,7.166987947063676,7.166987947063676,112
temperature,ensemble,72,R13,monsoon,clear,,,,112
temperature,ensemble,72,R20,monsoon,clear,,,,112
temperature,ensemble,72,R21,monsoon,clear,15.838983716714424,15.60005319854362,15.60005319854362,112
temperature,ensemble,72,R22,monsoon,clear,15.044861428974452,14.66947923165784,14.66947923165784,112
temperature,ensemble,72,R23,monsoon,clear,,,,112
temperature,ensemble,72,R30,monsoon,clear,,,,112
temperature,ensemble,72,R31,monsoon,clear,,,,112
temperature,ensemble,72,R32,monsoon,clear,,,,112
temperature,ensemble,72,R33,monsoon,clear,,,,112
temperature,ensemble,168,R00,monsoon,clear,,,,112
temperature,ensemble,168,R01,monsoon,clear,,,,112
temperature,ensemble,168,R02,monsoon,clear,,,,112
temperature,ensemble,168,R03,monsoon,clear,,,,112
temperature,ensemble,168,R10,monsoon,clear,,,,112
temperature,ensemble,168,R11,monsoon,clear,8.383074870072653,8.218560228566437,8.218560228566437,112
temperature,ensemble,168,R12,monsoon,clear,7.408919010937952,7.139294925804075,7.139294925804075,112
temperature,ensemble,168,R13,monsoon,clear,,,,112
temperature,ensemble,168,R20,monsoon,clear,,,,112
temperature,ensemble,168,R21,monsoon,clear,15.106954973579612,14.826633797162867,14.826633797162867,112
temperature,ensemble,168,R22,monsoon,clear,14.254667901221561,13.883644770869543,13.883644770869543,112
temperature,ensemble,168,R23,monsoon,clear,,,,112
temperature,ensemble,168,R30,monsoon,clear,,,,112
temperature,ensemble,168,R31,monsoon,clear,,,,112
temperature,ensemble,168,R32,monsoon,clear,,,,112
temperature,ensemble,168,R33,monsoon,clear,,,,112
temperature,nwp,6,R00,monsoon,clear,,,,112
temperature,nwp,6,R01,monsoon,clear,,,,112
temperature,nwp,6,R02,monsoon,clear,,,,112
temperature,nwp,6,R03,monsoon,clear,,,,112
temperature,nwp,6,R10,monsoon,clear,,,,112
temperature,nwp,6,R11,monsoon,clear,15.885957091867287,15.61998160051081,15.61998160051081,112
temperature,nwp,6,R12,monsoon,clear,9.701156384702518,8.651017882870194,8.651017882870194,112
temperature,nwp,6,R13,monsoon,clear,,,,112
temperature,nwp,6,R20,monsoon,clear,,,,112
temperature,nwp,6,R21,monsoon,clear,22.162119700223368,21.98077929044319,21.98077929044319,112
temperature,nwp,6,R22,monsoon,clear,22.214786805952205,21.82323405149757,21.82323405149757,112
temperature,nwp,6,R23,monsoon,clear,,,,112
temperature,nwp,6,R30,monsoon,clear,,,,112
temperature,nwp,6,R31,monsoon,clear,,,,112
temperature,nwp,6,R32,monsoon,clear,,,,112
temperature,nwp,6,R33,monsoon,clear,,,,112
temperature,nwp,24,R00,monsoon,clear,,,,112
temperature,nwp,24,R01,monsoon,clear,,,,112
temperature,nwp,24,R02,monsoon,clear,,,,112
temperature,nwp,24,R03,monsoon,clear,,,,112
temperature,nwp,24,R10,monsoon,clear,,,,112
temperature,nwp,24,R11,monsoon,clear,9.280747322226041,9.129413851245163,9.129413851245163,112
temperature,nwp,24,R12,monsoon,clear,7.40996792556423,7.010690474064475,7.010690474064475,112
temperature,nwp,24,R13,monsoon,clear,,,,112
temperature,nwp,24,R20,monsoon,clear,,,,112
temperature,nwp,24,R21,monsoon,clear,15.771099289275803,15.551415891966942,15.551415891966942,112
temperature,nwp,24,R22,monsoon,clear,15.683638613468093,15.205891204914758,15.205891204914758,112
temperature,nwp,24,R23,monsoon,clear,,,,112
temperature,nwp,24,R30,monsoon,clear,,,,112
temperature,nwp,24,R31,monsoon,clear,,,,112
temperature,nwp,24,R32,monsoon,clear,,,,112
temperature,nwp,24,R33,monsoon,clear,,,,112
temperature,nwp,72,R00,monsoon,clear,,,,112
temperature,nwp,72,R01,monsoon,clear,,,,112
temperature,nwp,72,R02,monsoon,clear,,,,112
temperature,nwp,72,R03,monsoon,clear,,,,112
temperature,nwp,72,R10,monsoon,clear,,,,112
temperature,nwp,72,R11,monsoon,clear,8.938102593819789,8.738416391470237,8.738416391470237,112
temperature,nwp,72,R12,monsoon,clear,7.305238224906906,6.888594314871221,6.888594314871221,112
temperature,nwp,72,R13,monsoon,clear,,,,112
temperature,nwp,72,R20,monsoon,clear,,,,112
temperature,nwp,72,R21,monsoon,clear,15.716303396413755,15.497172794510266,15.497172794510266,112
temperature,nwp,72,R22,monsoon,clear,15.476226309416463,14.972326668229723,14.972326668229723,112
temperature,nwp,72,R23,monsoon,clear,,,,112
temperature,nwp,72,R30,monsoon,clear,,,,112
temperature,nwp,72,R31,monsoon,clear,,,,112
temperature,nwp,72,R32,monsoon,clear,,,,112
temperature,nwp,72,R33,monsoon,clear,,,,112
temperature,nwp,168,R00,monsoon,clear,,,,112
temperature,nwp,168,R01,monsoon,clear,,,,112
temperature,nwp,168,R02,monsoon,clear,,,,112
temperature,nwp,168,R03,monsoon,clear,,,,112
temperature,nwp,168,R10,monsoon,clear,,,,112
temperature,nwp,168,R11,monsoon,clear,8.081607190701556,7.855504218880255,7.855504218880255,112
temperature,nwp,168,R12,monsoon,clear,7.312889510713349,6.947782487953361,6.947782487953361,112
temperature,nwp,168,R13,monsoon,clear,,,,112
temperature,nwp,168,R20,monsoon,clear,,,,112
temperature,nwp,168,R21,monsoon,clear,15.095537233185144,14.800448909806644,14.800448909806644,112
temperature,nwp,168,R22,monsoon,clear,14.538033736708263,14.030911885418002,14.030911885418002,112
temperature,nwp,168,R23,monsoon,clear,,,,112
temperature,nwp,168,R30,monsoon,clear,,,,112
temperature,nwp,168,R31,monsoon,clear,,,,112
temperature,nwp,168,R32,monsoon,clear,,,,112
temperature,nwp,168,R33,monsoon,clear,,,,112
wind,ai,6,R00,monsoon,clear,,,,112
wind,ai,6,R01,monsoon,clear,,,,112
wind,ai,6,R02,monsoon,clear,,,,112
wind,ai,6,R03,monsoon,clear,,,,112
wind,ai,6,R10,monsoon,clear,,,,112
wind,ai,6,R11,monsoon,clear,1.0560404625366249,0.8739084716298218,0.7701902729376167,112
wind,ai,6,R12,monsoon,clear,1.8351876202561415,1.557972179601452,1.4043411994859254,112
wind,ai,6,R13,monsoon,clear,,,,112
wind,ai,6,R20,monsoon,clear,,,,112
wind,ai,6,R21,monsoon,clear,0.4325003757576928,0.32775055410856385,-0.06702404062667405,112
wind,ai,6,R22,monsoon,clear,1.508095893030789,0.9343507267254137,0.8677364006974811,112
wind,ai,6,R23,monsoon,clear,,,,112
wind,ai,6,R30,monsoon,clear,,,,112
wind,ai,6,R31,monsoon,clear,,,,112
wind,ai,6,R32,monsoon,clear,,,,112
wind,ai,6,R33,monsoon,clear,,,,112
wind,ai,24,R00,monsoon,clear,,,,112
wind,ai,24,R01,monsoon,clear,,,,112
wind,ai,24,R02,monsoon,clear,,,,112
wind,ai,24,R03,monsoon,clear,,,,112
wind,ai,24,R10,monsoon,clear,,,,112
wind,ai,24,R11,monsoon,clear,0.5595184700857061,0.36067086365317585,0.2963311769410743,112
wind,ai,24,R12,monsoon,clear,1.631067555551421,1.1835344652826325,1.1680347382576615,112
wind,ai,24,R13,monsoon,clear,,,,112
wind,ai,24,R20,monsoon,clear,,,,112
wind,ai,24,R21,monsoon,clear,0.35096515043815074,0.26232377875524615,0.1973377480663605,112
wind,ai,24,R22,monsoon,clear,0.42362839069451397,0.3689616159279002,0.13100612178679868,112
wind,ai,24,R23,monsoon,clear,,,,112
wind,ai,24,R30,monsoon,clear,,,,112
wind,ai,24,R31,monsoon,clear,,,,112
wind,ai,24,R32,monsoon,clear,,,,112
wind,ai,24,R33,monsoon,clear,,,,112
wind,ai,72,R00,monsoon,clear,,,,112
wind,ai,72,R01,monsoon,clear,,,,112
wind,ai,72,R02,monsoon,clear,,,,112
wind,ai,72,R03,monsoon,clear,,,,112
wind,ai,72,R10,monsoon,clear,,,,112
wind,ai,72,R11,monsoon,clear,0.38935279575802256,0.3193943411508145,0.2558856102633221,112
wind,ai,72,R12,monsoon,clear,1.1690332490948832,0.9768021401403528,-0.09951192021411874,112
wind,ai,72,R13,monsoon,clear,,,,112
wind,ai,72,R20,monsoon,clear,,,,112
wind,ai,72,R21,monsoon,clear,0.5846585648437285,0.47471136414580367,0.31462696859887856,112
wind,ai,72,R22,monsoon,clear,0.6269322400422048,0.5546537235538999,-0.21975424066686844,112
wind,ai,72,R23,monsoon,clear,,,,112
wind,ai,72,R30,monsoon,clear,,,,112
wind,ai,72,R31,monsoon,clear,,,,112
wind,ai,72,R32,monsoon,clear,,,,112
wind,ai,72,R33,monsoon,clear,,,,112
wind,ai,168,R00,monsoon,clear,,,,112
wind,ai,168,R01,monsoon,clear,,,,112
wind,ai,168,R02,monsoon,clear,,,,112
wind,ai,168,R03,monsoon,clear,,,,112
wind,ai,168,R10,monsoon,clear,,,,112
wind,ai,168,R11,monsoon,clear,0.4487996359288957,0.34900562469063334,-0.12619372175869745,112
wind,ai,168,R12,monsoon,clear,2.195073394165625,1.6897608623986125,-1.592091930663564,112
wind,ai,168,R13,monsoon,clear,,,,112
wind,ai,168,R20,monsoon,clear,,,,112
wind,ai,168,R21,monsoon,clear,0.5202032029780769,0.41785497020676216,0.1553227333119589,112
wind,ai,168,R22,monsoon,clear,0.7436138973006875,0.6273810545629205,-0.19730720227832152,112
wind,ai,168,R23,monsoon,clear,,,,112
wind,ai,168,R30,monsoon,clear,,,,112
wind,ai,168,R31,monsoon,clear,,,,112
wind,ai,168,R32,monsoon,clear,,,,112
wind,ai,168,R33,monsoon,clear,,,,112
wind,ensemble,6,R00,monsoon,clear,,,,112
wind,ensemble,6,R01,monsoon,clear,,,,112
wind,ensemble,6,R02,monsoon,clear,,,,112
wind,ensemble,6,R03,monsoon,clear,,,,112
wind,ensemble,6,R10,monsoon,clear,,,,112
wind,ensemble,6,R11,monsoon,clear,1.7175188678418347,1.3920140410104993,1.2714997570200037,112
wind,ensemble,6,R12,monsoon,clear,2.592466723832243,1.8907405392885628,0.5718173785982678,112
wind,ensemble,6,R13,monsoon,clear,,,,112
wind,ensemble,6,R20,monsoon,clear,,,,112
wind,ensemble,6,R21,monsoon,clear,1.6813555614461326,1.3853438802932903,1.1928943519873545,112
wind,ensemble,6,R22,monsoon,clear,2.00675615015206,1.6053795678743863,1.4288610353320979,112
wind,ensemble,6,R23,monsoon,clear,,,,112
wind,ensemble,6,R30,monsoon,clear,,,,112
wind,ensemble,6,R31,monsoon,clear,,,,112
wind,ensemble,6,R32,monsoon,clear,,,,112
wind,ensemble,6,R33,monsoon,clear,,,,112
wind,ensemble,24,R00,monsoon,clear,,,,112
wind,ensemble,24,R01,monsoon,clear,,,,112
wind,ensemble,24,R02,monsoon,clear,,,,112
wind,ensemble,24,R03,monsoon,clear,,,,112
wind,ensemble,24,R10,monsoon,clear,,,,112
wind,ensemble,24,R11,monsoon,clear,1.7635266685809707,1.2547997624477563,0.9435866594421448,112
wind,ensemble,24,R12,monsoon,clear,2.614106793656873,1.8785651722661838,0.34840687673999,112
wind,ensemble,24,R13,monsoon,clear,,,,112
wind,ensemble,24,R20,monsoon,clear,,,,112
wind,ensemble,24,R21,monsoon,clear,1.1426447454519402,0.83095489680377,0.42719829331367437,112
wind,ensemble,24,R22,monsoon,clear,1.148067362242833,0.9759910382966791,0.3555890962758208,112
wind,ensemble,24,R23,monsoon,clear,,,,112
wind,ensemble,24,R30,monsoon,clear,,,,112
wind,ensemble,24,R31,monsoon,clear,,,,112
wind,ensemble,24,R32,monsoon,clear,,,,112
wind,ensemble,24,R33,monsoon,clear,,,,112
wind,ensemble,72,R00,monsoon,clear,,,,112
wind,ensemble,72,R01,monsoon,clear,,,,112
wind,ensemble,72,R02,monsoon,clear,,,,112
wind,ensemble,72,R03,monsoon,clear,,,,112
wind,ensemble,72,R10,monsoon,clear,,,,112
wind,ensemble,72,R11,monsoon,clear,2.682010965320025,1.882671735471911,1.703975631176115,112
wind,ensemble,72,R12,monsoon,clear,3.9737675304514677,2.9896720937869987,1.226269799656232,112
wind,ensemble,72,R13,monsoon,clear,,,,112
wind,ensemble,72,R20,monsoon,clear,,,,112
wind,ensemble,72,R21,monsoon,clear,1.2639358086977803,0.9694202570435245,0.5378245351978231,112
wind,ensemble,72,R22,monsoon,clear,1.4122036157767421,1.1808911987855257,0.5205920196304757,112
wind,ensemble,72,R23,monsoon,clear,,,,112
wind,ensemble,72,R30,monsoon,clear,,,,112
wind,ensemble,72,R31,monsoon,clear,,,,112
wind,ensemble,72,R32,monsoon,clear,,,,112
wind,ensemble,72,R33,monsoon,clear,,,,112
wind,ensemble,168,R00,monsoon,clear,,,,112
wind,ensemble,168,R01,monsoon,clear,,,,112
wind,ensemble,168,R02,monsoon,clear,,,,112
wind,ensemble,168,R03,monsoon,clear,,,,112
wind,ensemble,168,R10,monsoon,clear,,,,112
wind,ensemble,168,R11,monsoon,clear,2.472687976577343,2.0190803451665778,2.0058249651817226,112
wind,ensemble,168,R12,monsoon,clear,3.5976269630905593,2.721151948411934,2.2311403474915856,112
wind,ensemble,168,R13,monsoon,clear,,,,112
wind,ensemble,168,R20,monsoon,clear,,,,112
wind,ensemble,168,R21,monsoon,clear,1.5039586737064323,1.196302056740093,1.0535742831155324,112
wind,ensemble,168,R22,monsoon,clear,1.4847861354397263,1.1671781361672653,0.8872564728764042,112
wind,ensemble,168,R23,monsoon,clear,,,,112
wind,ensemble,168,R30,monsoon,clear,,,,112
wind,ensemble,168,R31,monsoon,clear,,,,112
wind,ensemble,168,R32,monsoon,clear,,,,112
wind,ensemble,168,R33,monsoon,clear,,,,112
wind,nwp,6,R00,monsoon,clear,,,,112
wind,nwp,6,R01,monsoon,clear,,,,112
wind,nwp,6,R02,monsoon,clear,,,,112
wind,nwp,6,R03,monsoon,clear,,,,112
wind,nwp,6,R10,monsoon,clear,,,,112
wind,nwp,6,R11,monsoon,clear,1.739604793320234,1.3971814800106022,1.2457010670246436,112
wind,nwp,6,R12,monsoon,clear,2.7962553533688266,1.9668333397807685,0.707774814016915,112
wind,nwp,6,R13,monsoon,clear,,,,112
wind,nwp,6,R20,monsoon,clear,,,,112
wind,nwp,6,R21,monsoon,clear,1.6462786158756355,1.4084522322924455,1.2471462422056079,112
wind,nwp,6,R22,monsoon,clear,1.6618631549396496,1.3222637114272342,1.1686670546863398,112
wind,nwp,6,R23,monsoon,clear,,,,112
wind,nwp,6,R30,monsoon,clear,,,,112
wind,nwp,6,R31,monsoon,clear,,,,112
wind,nwp,6,R32,monsoon,clear,,,,112
wind,nwp,6,R33,monsoon,clear,,,,112
wind,nwp,24,R00,monsoon,clear,,,,112
wind,nwp,24,R01,monsoon,clear,,,,112
wind,nwp,24,R02,monsoon,clear,,,,112
wind,nwp,24,R03,monsoon,clear,,,,112
wind,nwp,24,R10,monsoon,clear,,,,112
wind,nwp,24,R11,monsoon,clear,1.7329106596637536,1.2016737282701955,1.0280281651906151,112
wind,nwp,24,R12,monsoon,clear,3.069022497812221,2.091430789746569,0.6848117544226634,112
wind,nwp,24,R13,monsoon,clear,,,,112
wind,nwp,24,R20,monsoon,clear,,,,112
wind,nwp,24,R21,monsoon,clear,1.1289587324455055,0.8371299163067152,0.6523618121504277,112
wind,nwp,24,R22,monsoon,clear,0.9639268768349175,0.7852981317713869,0.3530121426605735,112
wind,nwp,24,R23,monsoon,clear,,,,112
wind,nwp,24,R30,monsoon,clear,,,,112
wind,nwp,24,R31,monsoon,clear,,,,112
wind,nwp,24,R32,monsoon,clear,,,,112
wind,nwp,24,R33,monsoon,clear,,,,112
wind,nwp,72,R00,monsoon,clear,,,,112
wind,nwp,72,R01,monsoon,clear,,,,112
wind,nwp,72,R02,monsoon,clear,,,,112
wind,nwp,72,R03,monsoon,clear,,,,112
wind,nwp,72,R10,monsoon,clear,,,,112
wind,nwp,72,R11,monsoon,clear,2.9887850955767847,1.9547997901137104,1.8700984297721337,112
wind,nwp,72,R12,monsoon,clear,4.919675088894243,3.6350027676475887,2.2821124216618256,112
wind,nwp,72,R13,monsoon,clear,,,,112
wind,nwp,72,R20,monsoon,clear,,,,112
wind,nwp,72,R21,monsoon,clear,1.3092799609826469,1.004687043820336,0.7156533815727343,112
wind,nwp,72,R22,monsoon,clear,1.507179614212486,1.0513063663733573,0.7209336618653329,112
wind,nwp,72,R23,monsoon,clear,,,,112
wind,nwp,72,R30,monsoon,clear,,,,112
wind,nwp,72,R31,monsoon,clear,,,,112
wind,nwp,72,R32,monsoon,clear,,,,112
wind,nwp,72,R33,monsoon,clear,,,,112
wind,nwp,168,R00,monsoon,clear,,,,112
wind,nwp,168,R01,monsoon,clear,,,,112
wind,nwp,168,R02,monsoon,clear,,,,112
wind,nwp,168,R03,monsoon,clear,,,,112
wind,nwp,168,R10,monsoon,clear,,,,112
wind,nwp,168,R11,monsoon,clear,3.21470061090397,2.347862288921738,2.3018409623970117,112
wind,nwp,168,R12,monsoon,clear,6.290187500485636,4.851544435824365,4.734396721634978,112
wind,nwp,168,R13,monsoon,clear,,,,112
wind,nwp,168,R20,monsoon,clear,,,,112
wind,nwp,168,R21,monsoon,clear,2.361251232576791,1.8338984564668463,1.729287832418596,112
wind,nwp,168,R22,monsoon,clear,2.6190834275513244,1.6759252026532734,1.561102057213476,112
wind,nwp,168,R23,monsoon,clear,,,,112
wind,nwp,168,R30,monsoon,clear,,,,112
wind,nwp,168,R31,monsoon,clear,,,,112
wind,nwp,168,R32,monsoon,clear,,,,112
wind,nwp,168,R33,monsoon,clear,,,,112
