variable,lead_time,region,season,regime,ai,ensemble,nwp,dominant_source
rainfall,6,R00,monsoon,clear,,,,ensemble
rainfall,6,R01,monsoon,clear,,,,ensemble
rainfall,6,R02,monsoon,clear,,,,ensemble
rainfall,6,R03,monsoon,clear,,,,ensemble
rainfall,6,R10,monsoon,clear,,,,ensemble
rainfall,6,R11,monsoon,clear,,0.4341244685553826,0.5658755314446173,nwp
rainfall,6,R12,monsoon,clear,,0.5687014445887245,0.4312985554112755,ensemble
rainfall,6,R13,monsoon,clear,,,,ensemble
rainfall,6,R20,monsoon,clear,,,,ensemble
rainfall,6,R21,monsoon,clear,,0.3906716160647349,0.6093283839352651,nwp
rainfall,6,R22,monsoon,clear,,0.4455005492064848,0.5544994507935153,nwp
rainfall,6,R23,monsoon,clear,,,,ensemble
rainfall,6,R30,monsoon,clear,,,,ensemble
rainfall,6,R31,monsoon,clear,,,,ensemble
rainfall,6,R32,monsoon,clear,,,,ensemble
rainfall,6,R33,monsoon,clear,,,,ensemble
rainfall,24,R00,monsoon,clear,,,,ensemble
rainfall,24,R01,monsoon,clear,,,,ensemble
rainfall,24,R02,monsoon,clear,,,,ensemble
rainfall,24,R03,monsoon,clear,,,,ensemble
rainfall,24,R10,monsoon,clear,,,,ensemble
rainfall,24,R11,monsoon,clear,,0.5833899172006346,0.41661008279936546,ensemble
rainfall,24,R12,monsoon,clear,,0.6929692569581719,0.30703074304182815,ensemble
rainfall,24,R13,monsoon,clear,,,,ensemble
rainfall,24,R20,monsoon,clear,,,,ensemble
rainfall,24,R21,monsoon,clear,,0.5611840034064585,0.4388159965935416,ensemble
rainfall,24,R22,monsoon,clear,,0.52507969099731,0.47492030900269,ensemble
rainfall,24,R23,monsoon,clear,,,,ensemble
rainfall,24,R30,monsoon,clear,,,,ensemble
rainfall,24,R31,monsoon,clear,,,,ensemble
rainfall,24,R32,monsoon,clear,,,,ensemble
rainfall,24,R33,monsoon,clear,,,,ensemble
rainfall,72,R00,monsoon,clear,,,,ensemble
rainfall,72,R01,monsoon,clear,,,,ensemble
rainfall,72,R02,monsoon,clear,,,,ensemble
rainfall,72,R03,monsoon,clear,,,,ensemble
rainfall,72,R10,monsoon,clear,,,,ensemble
rainfall,72,R11,monsoon,clear,,0.7470063742729794,0.25299362572702055,ensemble
rainfall,72,R12,monsoon,clear,,0.5343206842062552,0.46567931579374466,ensemble
rainfall,72,R13,monsoon,clear,,,,ensemble
rainfall,72,R20,monsoon,clear,,,,ensemble
rainfall,72,R21,monsoon,clear,,0.5860306409529883,0.41396935904701176,ensemble
rainfall,72,R22,monsoon,clear,,0.5584731628775597,0.4415268371224403,ensemble
rainfall,72,R23,monsoon,clear,,,,ensemble
rainfall,72,R30,monsoon,clear,,,,ensemble
rainfall,72,R31,monsoon,clear,,,,ensemble
rainfall,72,R32,monsoon,clear,,,,ensemble
rainfall,72,R33,monsoon,clear,,,,ensemble
rainfall,168,R00,monsoon,clear,,,,ensemble
rainfall,168,R01,monsoon,clear,,,,ensemble
rainfall,168,R02,monsoon,clear,,,,ensemble
rainfall,168,R03,monsoon,clear,,,,ensemble
rainfall,168,R10,monsoon,clear,,,,ensemble
rainfall,168,R11,monsoon,clear,,0.6627318433793147,0.3372681566206854,ensemble
rainfall,168,R12,monsoon,clear,,0.6526157720227814,0.34738422797721846,ensemble
rainfall,168,R13,monsoon,clear,,,,ensemble
rainfall,168,R20,monsoon,clear,,,,ensemble
rainfall,168,R21,monsoon,clear,,0.6618283983596702,0.33817160164032983,ensemble
rainfall,168,R22,monsoon,clear,,0.7544871570066227,0.24551284299337736,ensemble
rainfall,168,R23,monsoon,clear,,,,ensemble
rainfall,168,R30,monsoon,clear,,,,ensemble
rainfall,168,R31,monsoon,clear,,,,ensemble
rainfall,168,R32,monsoon,clear,,,,ensemble
rainfall,168,R33,monsoon,clear,,,,ensemble
temperature,6,R00,monsoon,clear,,,,ai
temperature,6,R01,monsoon,clear,,,,ai
temperature,6,R02,monsoon,clear,,,,ai
temperature,6,R03,monsoon,clear,,,,ai
temperature,6,R10,monsoon,clear,,,,ai
temperature,6,R11,monsoon,clear,0.4339870639092349,0.2819877975659569,0.28402513852480826,ai
temperature,6,R12,monsoon,clear,0.539644098475841,0.22466839357986543,0.23568750794429352,ai
temperature,6,R13,monsoon,clear,,,,ai
temperature,6,R20,monsoon,clear,,,,ai
temperature,6,R21,monsoon,clear,0.5729915314986147,0.21283799324921637,0.21417047525216892,ai
temperature,6,R22,monsoon,clear,0.5911231131867587,0.20581354062593257,0.20306334618730873,ai
temperature,6,R23,monsoon,clear,,,,ai
temperature,6,R30,monsoon,clear,,,,ai
temperature,6,R31,monsoon,clear,,,,ai
temperature,6,R32,monsoon,clear,,,,ai
temperature,6,R33,monsoon,clear,,,,ai
temperature,24,R00,monsoon,clear,,,,ai
temperature,24,R01,monsoon,clear,,,,ai
temperature,24,R02,monsoon,clear,,,,ai
temperature,24,R03,monsoon,clear,,,,ai
temperature,24,R10,monsoon,clear,,,,ai
temperature,24,R11,monsoon,clear,0.6540864409676378,0.1720369701957373,0.17387658883662482,ai
temperature,24,R12,monsoon,clear,0.8381848570943486,0.08048234142985623,0.08133280147579505,ai
temperature,24,R13,monsoon,clear,,,,ai
temperature,24,R20,monsoon,clear,,,,ai
temperature,24,R21,monsoon,clear,0.8412806451632109,0.07933362903032007,0.07938572580646909,ai
temperature,24,R22,monsoon,clear,0.7786272619815708,0.11278833230359622,0.10858440571483291,ai
temperature,24,R23,monsoon,clear,,,,ai
temperature,24,R30,monsoon,clear,,,,ai
temperature,24,R31,monsoon,clear,,,,ai
temperature,24,R32,monsoon,clear,,,,ai
temperature,24,R33,monsoon,clear,,,,ai
temperature,72,R00,monsoon,clear,,,,ai
temperature,72,R01,monsoon,clear,,,,ai
temperature,72,R02,monsoon,clear,,,,ai
temperature,72,R03,monsoon,clear,,,,ai
temperature,72,R10,monsoon,clear,,,,ai
temperature,72,R11,monsoon,clear,0.6210653512965999,0.18668777325094493,0.19224687545245514,ai
temperature,72,R12,monsoon,clear,0.8464386962228678,0.07564430884059703,0.07791699493653517,ai
temperature,72,R13,monsoon,clear,,,,ai
temperature,72,R20,monsoon,clear,,,,ai
temperature,72,R21,monsoon,clear,0.6417271297419326,0.17843999034118047,0.1798328799168869,ai
temperature,72,R22,monsoon,clear,0.7118757667298095,0.1460981953702694,0.1420260378999212,ai
temperature,72,R23,monsoon,clear,,,,ai
temperature,72,R30,monsoon,clear,,,,ai
temperature,72,R31,monsoon,clear,,,,ai
temperature,72,R32,monsoon,clear,,,,ai
temperature,72,R33,monsoon,clear,,,,ai
temperature,168,R00,monsoon,clear,,,,ai
temperature,168,R01,monsoon,clear,,,,ai
temperature,168,R02,monsoon,clear,,,,ai
temperature,168,R03,monsoon,clear,,,,ai
temperature,168,R10,monsoon,clear,,,,ai
temperature,168,R11,monsoon,clear,0.4998721786274681,0.24548525034100174,0.25464257103153015,ai
temperature,168,R12,monsoon,clear,0.6709792070668292,0.16343730472441229,0.16558348820875848,ai
temperature,168,R13,monsoon,clear,,,,ai
temperature,168,R20,monsoon,clear,,,,ai
temperature,168,R21,monsoon,clear,0.6540756590686427,0.17289678390264532,0.17302755702871195,ai
temperature,168,R22,monsoon,clear,0.6406352134842885,0.1814507528973238,0.1779140336183876,ai
temperature,168,R23,monsoon,clear,,,,ai
temperature,168,R30,monsoon,clear,,,,ai
temperature,168,R31,monsoon,clear,,,,ai
temperature,168,R32,monsoon,clear,,,,ai
temperature,168,R33,monsoon,clear,,,,ai
wind,6,R00,monsoon,clear,,,,ai
wind,6,R01,monsoon,clear,,,,ai
wind,6,R02,monsoon,clear,,,,ai
wind,6,R03,monsoon,clear,,,,ai
wind,6,R10,monsoon,clear,,,,ai
wind,6,R11,monsoon,clear,0.45006087347979945,0.27672621355040233,0.27321291296979816,ai
wind,6,R12,monsoon,clear,0.42297707560632364,0.29942227827611695,0.2776006461175595,ai
wind,6,R13,monsoon,clear,,,,ai
wind,6,R20,monsoon,clear,,,,ai
wind,6,R21,monsoon,clear,0.6579176324141277,0.16923822049393344,0.17284414709193888,ai
wind,6,R22,monsoon,clear,0.37608374240854564,0.2826304268802166,0.3412858307112378,ai
wind,6,R23,monsoon,clear,,,,ai
wind,6,R30,monsoon,clear,,,,ai
wind,6,R31,monsoon,clear,,,,ai
wind,6,R32,monsoon,clear,,,,ai
wind,6,R33,monsoon,clear,,,,ai
wind,24,R00,monsoon,clear,,,,ai
wind,24,R01,monsoon,clear,,,,ai
wind,24,R02,monsoon,clear,,,,ai
wind,24,R03,monsoon,clear,,,,ai
wind,24,R10,monsoon,clear,,,,ai
wind,24,R11,monsoon,clear,0.6097002111980916,0.1934410947439693,0.196858694057939,ai
wind,24,R12,monsoon,clear,0.4639488740160838,0.28948012287732744,0.2465710031065888,ai
wind,24,R13,monsoon,clear,,,,ai
wind,24,R20,monsoon,clear,,,,ai
wind,24,R21,monsoon,clear,0.6180367794586213,0.18983097952567313,0.1921322410157055,ai
wind,24,R22,monsoon,clear,0.5529522256430198,0.20403529373266488,0.24301248062431538,ai
wind,24,R23,monsoon,clear,,,,ai
wind,24,R30,monsoon,clear,,,,ai
wind,24,R31,monsoon,clear,,,,ai
wind,24,R32,monsoon,clear,,,,ai
wind,24,R33,monsoon,clear,,,,ai
wind,72,R00,monsoon,clear,,,,ai
wind,72,R01,monsoon,clear,,,,ai
wind,72,R02,monsoon,clear,,,,ai
wind,72,R03,monsoon,clear,,,,ai
wind,72,R10,monsoon,clear,,,,ai
wind,72,R11,monsoon,clear,0.7840411736120771,0.11382079599321769,0.10213803039470515,ai
wind,72,R12,monsoon,clear,0.6528217510702458,0.19205208329002454,0.15512616563972972,ai
wind,72,R13,monsoon,clear,,,,ai
wind,72,R20,monsoon,clear,,,,ai
wind,72,R21,monsoon,clear,0.5238016744883258,0.2422948484896614,0.23390347702201278,ai
wind,72,R22,monsoon,clear,0.5376624946639219,0.23868934224540453,0.2236481630906736,ai
wind,72,R23,monsoon,clear,,,,ai
wind,72,R30,monsoon,clear,,,,ai
wind,72,R31,monsoon,clear,,,,ai
wind,72,R32,monsoon,clear,,,,ai
wind,72,R33,monsoon,clear,,,,ai
wind,168,R00,monsoon,clear,,,,ai
wind,168,R01,monsoon,clear,,,,ai
wind,168,R02,monsoon,clear,,,,ai
wind,168,R03,monsoon,clear,,,,ai
wind,168,R10,monsoon,clear,,,,ai
wind,168,R11,monsoon,clear,0.7569385128022523,0.1373864119469037,0.10567507525084383,ai
wind,168,R12,monsoon,clear,0.5104351622882456,0.3114393614681548,0.17812547624359953,ai
wind,168,R13,monsoon,clear,,,,ai
wind,168,R20,monsoon,clear,,,,ai
wind,168,R21,monsoon,clear,0.6384890486004521,0.22084652587549328,0.14066442552405461,ai
wind,168,R22,monsoon,clear,0.560304556825742,0.2806129753179111,0.15908246785634694,ai
wind,168,R23,monsoon,clear,,,,ai
wind,168,R30,monsoon,clear,,,,ai
wind,168,R31,monsoon,clear,,,,ai
wind,168,R32,monsoon,clear,,,,ai
wind,168,R33,monsoon,clear,,,,ai
